BEGIN TRANSACTION;
CREATE TABLE IF NOT EXISTS "zaposleni" (
	"id"	INTEGER NOT NULL PRIMARY KEY AUTOINCREMENT UNIQUE,
	"ime"	TEXT NOT NULL,
	"priimek"	TEXT NOT NULL,
	"vloga"	TEXT NOT NULL,
	"zaposlen_let"	INTEGER NOT NULL DEFAULT 0,
	"stavba_id"	INTEGER DEFAULT NULL,
	FOREIGN KEY("stavba_id") REFERENCES "stavba"("id") ON DELETE CASCADE
);
CREATE TABLE IF NOT EXISTS "stavba" (
	"id"	INTEGER NOT NULL PRIMARY KEY AUTOINCREMENT UNIQUE,
	"naziv"	TEXT NOT NULL,
	"kapaciteta"	INTEGER NOT NULL DEFAULT 0,
	"studio_id"	TEXT,
	FOREIGN KEY("studio_id") REFERENCES "studio"("id") ON DELETE CASCADE
);
CREATE TABLE IF NOT EXISTS "studio" (
	"id"	TEXT NOT NULL UNIQUE,
	"naziv"	TEXT NOT NULL,
	"naslov"	TEXT,
	"www"	TEXT NOT NULL,
	PRIMARY KEY("id")
);
CREATE TABLE IF NOT EXISTS "blagajna" (
	"film_id"	INTEGER NOT NULL UNIQUE,
	"proracun"	INTEGER,
	"prihodek_zda"	INTEGER,
	"prihodek_svet"	INTEGER,
	CONSTRAINT "FK_film_blagajna" FOREIGN KEY("film_id") REFERENCES "film"("id") ON DELETE CASCADE
);
CREATE TABLE IF NOT EXISTS "film" (
	"id"	INTEGER NOT NULL PRIMARY KEY AUTOINCREMENT,
	"naslov"	TEXT NOT NULL,
	"reziser"	TEXT NOT NULL,
	"studio_id"	TEXT NOT NULL,
	"leto"	INTEGER NOT NULL,
	"dolzina"	INTEGER NOT NULL,
	"ocena"	REAL
);
INSERT INTO "zaposleni" ("id","ime","priimek","vloga","zaposlen_let","stavba_id") VALUES (1,'Angela','Duffy','umetnik',2,3);
INSERT INTO "zaposleni" ("id","ime","priimek","vloga","zaposlen_let","stavba_id") VALUES (2,'Jessica','Bridges','umetnik',4,3);
INSERT INTO "zaposleni" ("id","ime","priimek","vloga","zaposlen_let","stavba_id") VALUES (3,'Robert','McDowell','umetnik',1,3);
INSERT INTO "zaposleni" ("id","ime","priimek","vloga","zaposlen_let","stavba_id") VALUES (4,'Brenda','Allen','umetnik',5,3);
INSERT INTO "zaposleni" ("id","ime","priimek","vloga","zaposlen_let","stavba_id") VALUES (5,'Tara','Campos','umetnik',1,3);
INSERT INTO "zaposleni" ("id","ime","priimek","vloga","zaposlen_let","stavba_id") VALUES (6,'Jeanne','Cunningham','umetnik',5,3);
INSERT INTO "zaposleni" ("id","ime","priimek","vloga","zaposlen_let","stavba_id") VALUES (7,'Dennis','Reyes','umetnik',6,3);
INSERT INTO "zaposleni" ("id","ime","priimek","vloga","zaposlen_let","stavba_id") VALUES (8,'Bonnie','Chambers','umetnik',5,3);
INSERT INTO "zaposleni" ("id","ime","priimek","vloga","zaposlen_let","stavba_id") VALUES (9,'Misty','Mayer','umetnik',2,3);
INSERT INTO "zaposleni" ("id","ime","priimek","vloga","zaposlen_let","stavba_id") VALUES (10,'Gary','Larsen','umetnik',6,3);
INSERT INTO "zaposleni" ("id","ime","priimek","vloga","zaposlen_let","stavba_id") VALUES (11,'Candace','Fletcher','umetnik',2,3);
INSERT INTO "zaposleni" ("id","ime","priimek","vloga","zaposlen_let","stavba_id") VALUES (12,'Kimberly','McCarthy','umetnik',4,3);
INSERT INTO "zaposleni" ("id","ime","priimek","vloga","zaposlen_let","stavba_id") VALUES (13,'Robert','Romero','umetnik',1,3);
INSERT INTO "zaposleni" ("id","ime","priimek","vloga","zaposlen_let","stavba_id") VALUES (14,'David','Camacho','umetnik',3,3);
INSERT INTO "zaposleni" ("id","ime","priimek","vloga","zaposlen_let","stavba_id") VALUES (15,'David','Bennett','umetnik',4,3);
INSERT INTO "zaposleni" ("id","ime","priimek","vloga","zaposlen_let","stavba_id") VALUES (16,'Nathaniel','Green','umetnik',1,3);
INSERT INTO "zaposleni" ("id","ime","priimek","vloga","zaposlen_let","stavba_id") VALUES (17,'Nathan','Wood','umetnik',2,3);
INSERT INTO "zaposleni" ("id","ime","priimek","vloga","zaposlen_let","stavba_id") VALUES (18,'Melissa','Jensen','umetnik',3,3);
INSERT INTO "zaposleni" ("id","ime","priimek","vloga","zaposlen_let","stavba_id") VALUES (19,'Dustin','Carrillo','umetnik',4,3);
INSERT INTO "zaposleni" ("id","ime","priimek","vloga","zaposlen_let","stavba_id") VALUES (20,'Lori','Graves','umetnik',4,3);
INSERT INTO "zaposleni" ("id","ime","priimek","vloga","zaposlen_let","stavba_id") VALUES (21,'Heidi','Clark','umetnik',4,3);
INSERT INTO "zaposleni" ("id","ime","priimek","vloga","zaposlen_let","stavba_id") VALUES (22,'Crystal','Henry','umetnik',1,3);
INSERT INTO "zaposleni" ("id","ime","priimek","vloga","zaposlen_let","stavba_id") VALUES (23,'Randall','Robinson','umetnik',1,3);
INSERT INTO "zaposleni" ("id","ime","priimek","vloga","zaposlen_let","stavba_id") VALUES (24,'Duane','King','umetnik',6,3);
INSERT INTO "zaposleni" ("id","ime","priimek","vloga","zaposlen_let","stavba_id") VALUES (25,'Paul','Russo','umetnik',4,3);
INSERT INTO "zaposleni" ("id","ime","priimek","vloga","zaposlen_let","stavba_id") VALUES (26,'Ronald','Morris','umetnik',1,3);
INSERT INTO "zaposleni" ("id","ime","priimek","vloga","zaposlen_let","stavba_id") VALUES (27,'Christian','Jackson','umetnik',1,3);
INSERT INTO "zaposleni" ("id","ime","priimek","vloga","zaposlen_let","stavba_id") VALUES (28,'Gabriela','Adams','umetnik',6,3);
INSERT INTO "zaposleni" ("id","ime","priimek","vloga","zaposlen_let","stavba_id") VALUES (29,'Daniel','Mason','umetnik',6,3);
INSERT INTO "zaposleni" ("id","ime","priimek","vloga","zaposlen_let","stavba_id") VALUES (30,'Matthew','Wells','umetnik',4,3);
INSERT INTO "zaposleni" ("id","ime","priimek","vloga","zaposlen_let","stavba_id") VALUES (31,'Daniel','Patterson','umetnik',5,3);
INSERT INTO "zaposleni" ("id","ime","priimek","vloga","zaposlen_let","stavba_id") VALUES (32,'Danielle','Lang','umetnik',6,3);
INSERT INTO "zaposleni" ("id","ime","priimek","vloga","zaposlen_let","stavba_id") VALUES (33,'Scott','House','umetnik',5,3);
INSERT INTO "zaposleni" ("id","ime","priimek","vloga","zaposlen_let","stavba_id") VALUES (34,'Natalie','Cunningham','umetnik',5,3);
INSERT INTO "zaposleni" ("id","ime","priimek","vloga","zaposlen_let","stavba_id") VALUES (35,'Chelsea','Jones','umetnik',6,3);
INSERT INTO "zaposleni" ("id","ime","priimek","vloga","zaposlen_let","stavba_id") VALUES (36,'Richard','Perez','umetnik',5,3);
INSERT INTO "zaposleni" ("id","ime","priimek","vloga","zaposlen_let","stavba_id") VALUES (37,'Derek','Ochoa','umetnik',2,3);
INSERT INTO "zaposleni" ("id","ime","priimek","vloga","zaposlen_let","stavba_id") VALUES (38,'Angelica','Brown','umetnik',6,3);
INSERT INTO "zaposleni" ("id","ime","priimek","vloga","zaposlen_let","stavba_id") VALUES (39,'Anthony','Steele','umetnik',2,3);
INSERT INTO "zaposleni" ("id","ime","priimek","vloga","zaposlen_let","stavba_id") VALUES (40,'Blake','Turner','umetnik',2,3);
INSERT INTO "zaposleni" ("id","ime","priimek","vloga","zaposlen_let","stavba_id") VALUES (41,'Karen','Allen','umetnik',2,3);
INSERT INTO "zaposleni" ("id","ime","priimek","vloga","zaposlen_let","stavba_id") VALUES (42,'Casey','Kemp','umetnik',1,3);
INSERT INTO "zaposleni" ("id","ime","priimek","vloga","zaposlen_let","stavba_id") VALUES (43,'Kimberly','Rodriguez','umetnik',3,3);
INSERT INTO "zaposleni" ("id","ime","priimek","vloga","zaposlen_let","stavba_id") VALUES (44,'Sarah','Johns','umetnik',1,3);
INSERT INTO "zaposleni" ("id","ime","priimek","vloga","zaposlen_let","stavba_id") VALUES (45,'Michael','Allen','umetnik',2,3);
INSERT INTO "zaposleni" ("id","ime","priimek","vloga","zaposlen_let","stavba_id") VALUES (46,'Teresa','Schmidt','umetnik',2,3);
INSERT INTO "zaposleni" ("id","ime","priimek","vloga","zaposlen_let","stavba_id") VALUES (47,'Monica','Turner','umetnik',4,3);
INSERT INTO "zaposleni" ("id","ime","priimek","vloga","zaposlen_let","stavba_id") VALUES (48,'Lauren','Miller','umetnik',1,3);
INSERT INTO "zaposleni" ("id","ime","priimek","vloga","zaposlen_let","stavba_id") VALUES (49,'Angela','Torres','umetnik',6,3);
INSERT INTO "zaposleni" ("id","ime","priimek","vloga","zaposlen_let","stavba_id") VALUES (50,'Rachel','Pearson','umetnik',4,3);
INSERT INTO "zaposleni" ("id","ime","priimek","vloga","zaposlen_let","stavba_id") VALUES (51,'Michelle','Perkins','umetnik',2,3);
INSERT INTO "zaposleni" ("id","ime","priimek","vloga","zaposlen_let","stavba_id") VALUES (52,'Marc','Young','umetnik',4,3);
INSERT INTO "zaposleni" ("id","ime","priimek","vloga","zaposlen_let","stavba_id") VALUES (53,'Alexander','Ramirez','umetnik',4,3);
INSERT INTO "zaposleni" ("id","ime","priimek","vloga","zaposlen_let","stavba_id") VALUES (54,'Laura','Maldonado','umetnik',2,3);
INSERT INTO "zaposleni" ("id","ime","priimek","vloga","zaposlen_let","stavba_id") VALUES (55,'Caitlyn','Love','umetnik',6,3);
INSERT INTO "zaposleni" ("id","ime","priimek","vloga","zaposlen_let","stavba_id") VALUES (56,'Kaitlyn','French','umetnik',4,3);
INSERT INTO "zaposleni" ("id","ime","priimek","vloga","zaposlen_let","stavba_id") VALUES (57,'David','Flores','umetnik',3,3);
INSERT INTO "zaposleni" ("id","ime","priimek","vloga","zaposlen_let","stavba_id") VALUES (58,'Mark','Walker','umetnik',1,3);
INSERT INTO "zaposleni" ("id","ime","priimek","vloga","zaposlen_let","stavba_id") VALUES (59,'Jonathan','Smith','umetnik',2,3);
INSERT INTO "zaposleni" ("id","ime","priimek","vloga","zaposlen_let","stavba_id") VALUES (60,'Anthony','Becker','umetnik',2,3);
INSERT INTO "zaposleni" ("id","ime","priimek","vloga","zaposlen_let","stavba_id") VALUES (61,'Rebecca','Valenzuela','umetnik',5,3);
INSERT INTO "zaposleni" ("id","ime","priimek","vloga","zaposlen_let","stavba_id") VALUES (62,'Jason','Jimenez','umetnik',1,3);
INSERT INTO "zaposleni" ("id","ime","priimek","vloga","zaposlen_let","stavba_id") VALUES (63,'Julia','Barrett','umetnik',4,3);
INSERT INTO "zaposleni" ("id","ime","priimek","vloga","zaposlen_let","stavba_id") VALUES (64,'Spencer','Tapia','umetnik',2,3);
INSERT INTO "zaposleni" ("id","ime","priimek","vloga","zaposlen_let","stavba_id") VALUES (65,'Andrew','Cooper','umetnik',3,3);
INSERT INTO "zaposleni" ("id","ime","priimek","vloga","zaposlen_let","stavba_id") VALUES (66,'James','Jones','umetnik',2,3);
INSERT INTO "zaposleni" ("id","ime","priimek","vloga","zaposlen_let","stavba_id") VALUES (67,'Patricia','Martin','umetnik',1,3);
INSERT INTO "zaposleni" ("id","ime","priimek","vloga","zaposlen_let","stavba_id") VALUES (68,'Robert','Boyd','umetnik',4,3);
INSERT INTO "zaposleni" ("id","ime","priimek","vloga","zaposlen_let","stavba_id") VALUES (69,'Jordan','Collins','umetnik',2,3);
INSERT INTO "zaposleni" ("id","ime","priimek","vloga","zaposlen_let","stavba_id") VALUES (70,'Erica','Mejia','umetnik',5,3);
INSERT INTO "zaposleni" ("id","ime","priimek","vloga","zaposlen_let","stavba_id") VALUES (71,'Michael','Wright','umetnik',2,3);
INSERT INTO "zaposleni" ("id","ime","priimek","vloga","zaposlen_let","stavba_id") VALUES (72,'Carolyn','Flowers','umetnik',2,3);
INSERT INTO "zaposleni" ("id","ime","priimek","vloga","zaposlen_let","stavba_id") VALUES (73,'Brittany','Warren','umetnik',5,3);
INSERT INTO "zaposleni" ("id","ime","priimek","vloga","zaposlen_let","stavba_id") VALUES (74,'Elizabeth','Brandt','umetnik',5,3);
INSERT INTO "zaposleni" ("id","ime","priimek","vloga","zaposlen_let","stavba_id") VALUES (75,'Tiffany','Clark','umetnik',3,3);
INSERT INTO "zaposleni" ("id","ime","priimek","vloga","zaposlen_let","stavba_id") VALUES (76,'Stephanie','Perez','umetnik',4,3);
INSERT INTO "zaposleni" ("id","ime","priimek","vloga","zaposlen_let","stavba_id") VALUES (77,'Daniel','Patterson','umetnik',1,3);
INSERT INTO "zaposleni" ("id","ime","priimek","vloga","zaposlen_let","stavba_id") VALUES (78,'Hayley','Johnson','umetnik',3,3);
INSERT INTO "zaposleni" ("id","ime","priimek","vloga","zaposlen_let","stavba_id") VALUES (79,'Zachary','Jones','umetnik',5,3);
INSERT INTO "zaposleni" ("id","ime","priimek","vloga","zaposlen_let","stavba_id") VALUES (80,'Heather','White','umetnik',5,3);
INSERT INTO "zaposleni" ("id","ime","priimek","vloga","zaposlen_let","stavba_id") VALUES (81,'Katelyn','Harrison','umetnik',2,3);
INSERT INTO "zaposleni" ("id","ime","priimek","vloga","zaposlen_let","stavba_id") VALUES (82,'Darren','Bridges','umetnik',3,3);
INSERT INTO "zaposleni" ("id","ime","priimek","vloga","zaposlen_let","stavba_id") VALUES (83,'Kelly','Brooks','umetnik',6,3);
INSERT INTO "zaposleni" ("id","ime","priimek","vloga","zaposlen_let","stavba_id") VALUES (84,'Jamie','McCormick','umetnik',3,3);
INSERT INTO "zaposleni" ("id","ime","priimek","vloga","zaposlen_let","stavba_id") VALUES (85,'Ryan','Ryan','umetnik',1,3);
INSERT INTO "zaposleni" ("id","ime","priimek","vloga","zaposlen_let","stavba_id") VALUES (86,'Jeremy','Miller','umetnik',6,3);
INSERT INTO "zaposleni" ("id","ime","priimek","vloga","zaposlen_let","stavba_id") VALUES (87,'Jennifer','Murphy','umetnik',4,3);
INSERT INTO "zaposleni" ("id","ime","priimek","vloga","zaposlen_let","stavba_id") VALUES (88,'Justin','Duarte','umetnik',2,3);
INSERT INTO "zaposleni" ("id","ime","priimek","vloga","zaposlen_let","stavba_id") VALUES (89,'Hannah','Murray','umetnik',3,3);
INSERT INTO "zaposleni" ("id","ime","priimek","vloga","zaposlen_let","stavba_id") VALUES (90,'Taylor','Love','umetnik',5,3);
INSERT INTO "zaposleni" ("id","ime","priimek","vloga","zaposlen_let","stavba_id") VALUES (91,'Anthony','Anderson','umetnik',5,3);
INSERT INTO "zaposleni" ("id","ime","priimek","vloga","zaposlen_let","stavba_id") VALUES (92,'Wendy','Hanson','umetnik',1,3);
INSERT INTO "zaposleni" ("id","ime","priimek","vloga","zaposlen_let","stavba_id") VALUES (93,'Julie','Smith','umetnik',5,3);
INSERT INTO "zaposleni" ("id","ime","priimek","vloga","zaposlen_let","stavba_id") VALUES (94,'Angela','Potter','umetnik',1,3);
INSERT INTO "zaposleni" ("id","ime","priimek","vloga","zaposlen_let","stavba_id") VALUES (95,'Steven','Kaufman','umetnik',6,3);
INSERT INTO "zaposleni" ("id","ime","priimek","vloga","zaposlen_let","stavba_id") VALUES (96,'Abigail','Barnes','umetnik',4,3);
INSERT INTO "zaposleni" ("id","ime","priimek","vloga","zaposlen_let","stavba_id") VALUES (97,'Daniel','Ritter','umetnik',2,3);
INSERT INTO "zaposleni" ("id","ime","priimek","vloga","zaposlen_let","stavba_id") VALUES (98,'Ann','White','umetnik',6,3);
INSERT INTO "zaposleni" ("id","ime","priimek","vloga","zaposlen_let","stavba_id") VALUES (99,'Jonathan','Hernandez','umetnik',6,3);
INSERT INTO "zaposleni" ("id","ime","priimek","vloga","zaposlen_let","stavba_id") VALUES (100,'Barbara','Hartman','umetnik',5,3);
INSERT INTO "zaposleni" ("id","ime","priimek","vloga","zaposlen_let","stavba_id") VALUES (101,'Jeffrey','Herman','umetnik',4,3);
INSERT INTO "zaposleni" ("id","ime","priimek","vloga","zaposlen_let","stavba_id") VALUES (102,'Linda','Alvarez','umetnik',4,3);
INSERT INTO "zaposleni" ("id","ime","priimek","vloga","zaposlen_let","stavba_id") VALUES (103,'Sarah','Marshall','umetnik',6,3);
INSERT INTO "zaposleni" ("id","ime","priimek","vloga","zaposlen_let","stavba_id") VALUES (104,'Kerri','Wagner','umetnik',5,3);
INSERT INTO "zaposleni" ("id","ime","priimek","vloga","zaposlen_let","stavba_id") VALUES (105,'Angel','Powers','umetnik',2,3);
INSERT INTO "zaposleni" ("id","ime","priimek","vloga","zaposlen_let","stavba_id") VALUES (106,'Andrea','Roth','umetnik',5,3);
INSERT INTO "zaposleni" ("id","ime","priimek","vloga","zaposlen_let","stavba_id") VALUES (107,'Aaron','Johnson','umetnik',5,3);
INSERT INTO "zaposleni" ("id","ime","priimek","vloga","zaposlen_let","stavba_id") VALUES (108,'Paul','Carlson','umetnik',4,3);
INSERT INTO "zaposleni" ("id","ime","priimek","vloga","zaposlen_let","stavba_id") VALUES (109,'Andrew','Young','umetnik',4,3);
INSERT INTO "zaposleni" ("id","ime","priimek","vloga","zaposlen_let","stavba_id") VALUES (110,'April','Sims','umetnik',1,3);
INSERT INTO "zaposleni" ("id","ime","priimek","vloga","zaposlen_let","stavba_id") VALUES (111,'Amy','Evans','umetnik',5,3);
INSERT INTO "zaposleni" ("id","ime","priimek","vloga","zaposlen_let","stavba_id") VALUES (112,'Anthony','Adams','umetnik',5,3);
INSERT INTO "zaposleni" ("id","ime","priimek","vloga","zaposlen_let","stavba_id") VALUES (113,'Angelica','Mercado','umetnik',6,3);
INSERT INTO "zaposleni" ("id","ime","priimek","vloga","zaposlen_let","stavba_id") VALUES (114,'Samuel','Sharp','umetnik',1,3);
INSERT INTO "zaposleni" ("id","ime","priimek","vloga","zaposlen_let","stavba_id") VALUES (115,'Daniel','Hatfield','umetnik',3,3);
INSERT INTO "zaposleni" ("id","ime","priimek","vloga","zaposlen_let","stavba_id") VALUES (116,'Michael','Stewart','umetnik',2,3);
INSERT INTO "zaposleni" ("id","ime","priimek","vloga","zaposlen_let","stavba_id") VALUES (117,'Timothy','Anderson','umetnik',5,3);
INSERT INTO "zaposleni" ("id","ime","priimek","vloga","zaposlen_let","stavba_id") VALUES (118,'Michelle','Wang','umetnik',3,3);
INSERT INTO "zaposleni" ("id","ime","priimek","vloga","zaposlen_let","stavba_id") VALUES (119,'Jay','Harris','umetnik',2,3);
INSERT INTO "zaposleni" ("id","ime","priimek","vloga","zaposlen_let","stavba_id") VALUES (120,'Jerome','Zimmerman','umetnik',3,3);
INSERT INTO "zaposleni" ("id","ime","priimek","vloga","zaposlen_let","stavba_id") VALUES (121,'Jonathan','Armstrong','umetnik',4,3);
INSERT INTO "zaposleni" ("id","ime","priimek","vloga","zaposlen_let","stavba_id") VALUES (122,'Kelly','Raymond','umetnik',1,3);
INSERT INTO "zaposleni" ("id","ime","priimek","vloga","zaposlen_let","stavba_id") VALUES (123,'Samuel','Hernandez','umetnik',3,3);
INSERT INTO "zaposleni" ("id","ime","priimek","vloga","zaposlen_let","stavba_id") VALUES (124,'Joshua','Castro','umetnik',4,3);
INSERT INTO "zaposleni" ("id","ime","priimek","vloga","zaposlen_let","stavba_id") VALUES (125,'Michael','Hanna','umetnik',1,3);
INSERT INTO "zaposleni" ("id","ime","priimek","vloga","zaposlen_let","stavba_id") VALUES (126,'Shannon','Grant','umetnik',3,3);
INSERT INTO "zaposleni" ("id","ime","priimek","vloga","zaposlen_let","stavba_id") VALUES (127,'Jordan','Griffin','umetnik',6,3);
INSERT INTO "zaposleni" ("id","ime","priimek","vloga","zaposlen_let","stavba_id") VALUES (128,'Eugene','Braun','umetnik',1,3);
INSERT INTO "zaposleni" ("id","ime","priimek","vloga","zaposlen_let","stavba_id") VALUES (129,'Jacqueline','Adams','umetnik',4,3);
INSERT INTO "zaposleni" ("id","ime","priimek","vloga","zaposlen_let","stavba_id") VALUES (130,'Danny','Wall','umetnik',3,3);
INSERT INTO "zaposleni" ("id","ime","priimek","vloga","zaposlen_let","stavba_id") VALUES (131,'Kelsey','McBride','umetnik',5,3);
INSERT INTO "zaposleni" ("id","ime","priimek","vloga","zaposlen_let","stavba_id") VALUES (132,'Kyle','O''Neill','umetnik',6,3);
INSERT INTO "zaposleni" ("id","ime","priimek","vloga","zaposlen_let","stavba_id") VALUES (133,'Angela','Sanders','umetnik',5,3);
INSERT INTO "zaposleni" ("id","ime","priimek","vloga","zaposlen_let","stavba_id") VALUES (134,'Mark','Jones','umetnik',6,3);
INSERT INTO "zaposleni" ("id","ime","priimek","vloga","zaposlen_let","stavba_id") VALUES (135,'Karen','Ortega','umetnik',6,3);
INSERT INTO "zaposleni" ("id","ime","priimek","vloga","zaposlen_let","stavba_id") VALUES (136,'Margaret','Sullivan','umetnik',3,3);
INSERT INTO "zaposleni" ("id","ime","priimek","vloga","zaposlen_let","stavba_id") VALUES (137,'Crystal','Thomas','umetnik',6,3);
INSERT INTO "zaposleni" ("id","ime","priimek","vloga","zaposlen_let","stavba_id") VALUES (138,'Stephen','Best','umetnik',1,3);
INSERT INTO "zaposleni" ("id","ime","priimek","vloga","zaposlen_let","stavba_id") VALUES (139,'Shannon','Liu','umetnik',2,3);
INSERT INTO "zaposleni" ("id","ime","priimek","vloga","zaposlen_let","stavba_id") VALUES (140,'Jeremy','Castro','umetnik',3,3);
INSERT INTO "zaposleni" ("id","ime","priimek","vloga","zaposlen_let","stavba_id") VALUES (141,'Molly','Lewis','umetnik',2,3);
INSERT INTO "zaposleni" ("id","ime","priimek","vloga","zaposlen_let","stavba_id") VALUES (142,'Joseph','Sanders','umetnik',4,3);
INSERT INTO "zaposleni" ("id","ime","priimek","vloga","zaposlen_let","stavba_id") VALUES (143,'Patricia','Coffey','umetnik',5,3);
INSERT INTO "zaposleni" ("id","ime","priimek","vloga","zaposlen_let","stavba_id") VALUES (144,'Aaron','Petersen','umetnik',4,3);
INSERT INTO "zaposleni" ("id","ime","priimek","vloga","zaposlen_let","stavba_id") VALUES (145,'Jeanne','Mayer','umetnik',5,3);
INSERT INTO "zaposleni" ("id","ime","priimek","vloga","zaposlen_let","stavba_id") VALUES (146,'Robyn','Bishop','umetnik',1,3);
INSERT INTO "zaposleni" ("id","ime","priimek","vloga","zaposlen_let","stavba_id") VALUES (147,'Heather','Winters','umetnik',1,3);
INSERT INTO "zaposleni" ("id","ime","priimek","vloga","zaposlen_let","stavba_id") VALUES (148,'Justin','Elliott','umetnik',6,3);
INSERT INTO "zaposleni" ("id","ime","priimek","vloga","zaposlen_let","stavba_id") VALUES (149,'James','Mueller','umetnik',6,3);
INSERT INTO "zaposleni" ("id","ime","priimek","vloga","zaposlen_let","stavba_id") VALUES (150,'Juan','Morales','umetnik',1,3);
INSERT INTO "zaposleni" ("id","ime","priimek","vloga","zaposlen_let","stavba_id") VALUES (151,'Michelle','Campbell','umetnik',6,3);
INSERT INTO "zaposleni" ("id","ime","priimek","vloga","zaposlen_let","stavba_id") VALUES (152,'Dave','Price','umetnik',1,3);
INSERT INTO "zaposleni" ("id","ime","priimek","vloga","zaposlen_let","stavba_id") VALUES (153,'Jeffery','Shaw','umetnik',3,3);
INSERT INTO "zaposleni" ("id","ime","priimek","vloga","zaposlen_let","stavba_id") VALUES (154,'Kevin','Ballard','umetnik',5,3);
INSERT INTO "zaposleni" ("id","ime","priimek","vloga","zaposlen_let","stavba_id") VALUES (155,'Carol','Williams','umetnik',1,3);
INSERT INTO "zaposleni" ("id","ime","priimek","vloga","zaposlen_let","stavba_id") VALUES (156,'Marie','Parrish','umetnik',5,3);
INSERT INTO "zaposleni" ("id","ime","priimek","vloga","zaposlen_let","stavba_id") VALUES (157,'Aaron','Gonzalez','umetnik',2,3);
INSERT INTO "zaposleni" ("id","ime","priimek","vloga","zaposlen_let","stavba_id") VALUES (158,'Laura','Fitzpatrick','umetnik',6,3);
INSERT INTO "zaposleni" ("id","ime","priimek","vloga","zaposlen_let","stavba_id") VALUES (159,'Julie','Daniels','umetnik',2,3);
INSERT INTO "zaposleni" ("id","ime","priimek","vloga","zaposlen_let","stavba_id") VALUES (160,'Jonathan','Paul','umetnik',4,3);
INSERT INTO "zaposleni" ("id","ime","priimek","vloga","zaposlen_let","stavba_id") VALUES (161,'Nicholas','Nguyen','umetnik',4,3);
INSERT INTO "zaposleni" ("id","ime","priimek","vloga","zaposlen_let","stavba_id") VALUES (162,'Heather','Delacruz','umetnik',1,3);
INSERT INTO "zaposleni" ("id","ime","priimek","vloga","zaposlen_let","stavba_id") VALUES (163,'Charles','Nguyen','umetnik',4,3);
INSERT INTO "zaposleni" ("id","ime","priimek","vloga","zaposlen_let","stavba_id") VALUES (164,'Jonathan','Mason','umetnik',2,3);
INSERT INTO "zaposleni" ("id","ime","priimek","vloga","zaposlen_let","stavba_id") VALUES (165,'Amber','Howard','umetnik',3,3);
INSERT INTO "zaposleni" ("id","ime","priimek","vloga","zaposlen_let","stavba_id") VALUES (166,'Riley','Howard','umetnik',5,3);
INSERT INTO "zaposleni" ("id","ime","priimek","vloga","zaposlen_let","stavba_id") VALUES (167,'Erin','Watts','umetnik',4,3);
INSERT INTO "zaposleni" ("id","ime","priimek","vloga","zaposlen_let","stavba_id") VALUES (168,'Shawn','Ward','umetnik',6,3);
INSERT INTO "zaposleni" ("id","ime","priimek","vloga","zaposlen_let","stavba_id") VALUES (169,'Brianna','Hill','umetnik',5,3);
INSERT INTO "zaposleni" ("id","ime","priimek","vloga","zaposlen_let","stavba_id") VALUES (170,'David','Harris','umetnik',1,3);
INSERT INTO "zaposleni" ("id","ime","priimek","vloga","zaposlen_let","stavba_id") VALUES (171,'Thomas','Gray','umetnik',3,3);
INSERT INTO "zaposleni" ("id","ime","priimek","vloga","zaposlen_let","stavba_id") VALUES (172,'Jessica','Torres','umetnik',4,3);
INSERT INTO "zaposleni" ("id","ime","priimek","vloga","zaposlen_let","stavba_id") VALUES (173,'Megan','Potter','umetnik',3,3);
INSERT INTO "zaposleni" ("id","ime","priimek","vloga","zaposlen_let","stavba_id") VALUES (174,'Willie','Sullivan','umetnik',3,3);
INSERT INTO "zaposleni" ("id","ime","priimek","vloga","zaposlen_let","stavba_id") VALUES (175,'Daniel','Perez','umetnik',6,3);
INSERT INTO "zaposleni" ("id","ime","priimek","vloga","zaposlen_let","stavba_id") VALUES (176,'Monica','Johnson','umetnik',2,3);
INSERT INTO "zaposleni" ("id","ime","priimek","vloga","zaposlen_let","stavba_id") VALUES (177,'David','Bonilla','umetnik',3,3);
INSERT INTO "zaposleni" ("id","ime","priimek","vloga","zaposlen_let","stavba_id") VALUES (178,'Erin','Perez','umetnik',4,3);
INSERT INTO "zaposleni" ("id","ime","priimek","vloga","zaposlen_let","stavba_id") VALUES (179,'Julie','Fleming','umetnik',3,3);
INSERT INTO "zaposleni" ("id","ime","priimek","vloga","zaposlen_let","stavba_id") VALUES (180,'Tiffany','Norton','umetnik',2,3);
INSERT INTO "zaposleni" ("id","ime","priimek","vloga","zaposlen_let","stavba_id") VALUES (181,'Joseph','Miller','umetnik',1,3);
INSERT INTO "zaposleni" ("id","ime","priimek","vloga","zaposlen_let","stavba_id") VALUES (182,'James','Johnson','umetnik',1,3);
INSERT INTO "zaposleni" ("id","ime","priimek","vloga","zaposlen_let","stavba_id") VALUES (183,'Brandon','Wagner','umetnik',1,3);
INSERT INTO "zaposleni" ("id","ime","priimek","vloga","zaposlen_let","stavba_id") VALUES (184,'James','Mann','umetnik',1,3);
INSERT INTO "zaposleni" ("id","ime","priimek","vloga","zaposlen_let","stavba_id") VALUES (185,'Michael','Nixon','umetnik',1,3);
INSERT INTO "zaposleni" ("id","ime","priimek","vloga","zaposlen_let","stavba_id") VALUES (186,'Jeremy','Douglas','umetnik',6,3);
INSERT INTO "zaposleni" ("id","ime","priimek","vloga","zaposlen_let","stavba_id") VALUES (187,'Matthew','Potter','umetnik',6,3);
INSERT INTO "zaposleni" ("id","ime","priimek","vloga","zaposlen_let","stavba_id") VALUES (188,'Matthew','Lowe','umetnik',6,3);
INSERT INTO "zaposleni" ("id","ime","priimek","vloga","zaposlen_let","stavba_id") VALUES (189,'Katie','Smith','umetnik',4,3);
INSERT INTO "zaposleni" ("id","ime","priimek","vloga","zaposlen_let","stavba_id") VALUES (190,'John','Thomas','umetnik',6,3);
INSERT INTO "zaposleni" ("id","ime","priimek","vloga","zaposlen_let","stavba_id") VALUES (191,'Faith','Sutton','umetnik',1,3);
INSERT INTO "zaposleni" ("id","ime","priimek","vloga","zaposlen_let","stavba_id") VALUES (192,'Gabriel','King','umetnik',5,3);
INSERT INTO "zaposleni" ("id","ime","priimek","vloga","zaposlen_let","stavba_id") VALUES (193,'Tara','Fox','umetnik',0,NULL);
INSERT INTO "zaposleni" ("id","ime","priimek","vloga","zaposlen_let","stavba_id") VALUES (194,'Micheal','Haley','umetnik',3,3);
INSERT INTO "zaposleni" ("id","ime","priimek","vloga","zaposlen_let","stavba_id") VALUES (195,'Peter','Davis','umetnik',5,3);
INSERT INTO "zaposleni" ("id","ime","priimek","vloga","zaposlen_let","stavba_id") VALUES (196,'James','Hill','umetnik',2,3);
INSERT INTO "zaposleni" ("id","ime","priimek","vloga","zaposlen_let","stavba_id") VALUES (197,'Juan','Henry','umetnik',6,3);
INSERT INTO "zaposleni" ("id","ime","priimek","vloga","zaposlen_let","stavba_id") VALUES (198,'Gregory','Hernandez','umetnik',1,3);
INSERT INTO "zaposleni" ("id","ime","priimek","vloga","zaposlen_let","stavba_id") VALUES (199,'Tonya','Hayes','umetnik',2,3);
INSERT INTO "zaposleni" ("id","ime","priimek","vloga","zaposlen_let","stavba_id") VALUES (200,'Tonya','Vazquez','umetnik',3,3);
INSERT INTO "zaposleni" ("id","ime","priimek","vloga","zaposlen_let","stavba_id") VALUES (201,'Donna','Moore','umetnik',3,3);
INSERT INTO "zaposleni" ("id","ime","priimek","vloga","zaposlen_let","stavba_id") VALUES (202,'Jeremy','Harrison','umetnik',5,3);
INSERT INTO "zaposleni" ("id","ime","priimek","vloga","zaposlen_let","stavba_id") VALUES (203,'Jeremy','Hoffman','umetnik',0,NULL);
INSERT INTO "zaposleni" ("id","ime","priimek","vloga","zaposlen_let","stavba_id") VALUES (204,'Mckenzie','Garrison','umetnik',2,3);
INSERT INTO "zaposleni" ("id","ime","priimek","vloga","zaposlen_let","stavba_id") VALUES (205,'Joshua','Jackson','umetnik',3,3);
INSERT INTO "zaposleni" ("id","ime","priimek","vloga","zaposlen_let","stavba_id") VALUES (206,'Daniel','Lawson','umetnik',4,3);
INSERT INTO "zaposleni" ("id","ime","priimek","vloga","zaposlen_let","stavba_id") VALUES (207,'Morgan','Turner','umetnik',4,3);
INSERT INTO "zaposleni" ("id","ime","priimek","vloga","zaposlen_let","stavba_id") VALUES (208,'Fernando','Romero','umetnik',4,3);
INSERT INTO "zaposleni" ("id","ime","priimek","vloga","zaposlen_let","stavba_id") VALUES (209,'Jennifer','Wallace','umetnik',3,3);
INSERT INTO "zaposleni" ("id","ime","priimek","vloga","zaposlen_let","stavba_id") VALUES (210,'Jeffrey','Coleman','umetnik',5,3);
INSERT INTO "zaposleni" ("id","ime","priimek","vloga","zaposlen_let","stavba_id") VALUES (211,'Jeffrey','Powell','umetnik',5,3);
INSERT INTO "zaposleni" ("id","ime","priimek","vloga","zaposlen_let","stavba_id") VALUES (212,'Debra','Garza','umetnik',0,NULL);
INSERT INTO "zaposleni" ("id","ime","priimek","vloga","zaposlen_let","stavba_id") VALUES (213,'James','McDowell','umetnik',0,NULL);
INSERT INTO "zaposleni" ("id","ime","priimek","vloga","zaposlen_let","stavba_id") VALUES (214,'Katie','Castaneda','umetnik',4,3);
INSERT INTO "zaposleni" ("id","ime","priimek","vloga","zaposlen_let","stavba_id") VALUES (215,'Marcus','Morgan','umetnik',3,3);
INSERT INTO "zaposleni" ("id","ime","priimek","vloga","zaposlen_let","stavba_id") VALUES (216,'Haley','Moore','umetnik',0,NULL);
INSERT INTO "zaposleni" ("id","ime","priimek","vloga","zaposlen_let","stavba_id") VALUES (217,'Cynthia','Berry','umetnik',6,3);
INSERT INTO "zaposleni" ("id","ime","priimek","vloga","zaposlen_let","stavba_id") VALUES (218,'Cheryl','Kane','umetnik',2,3);
INSERT INTO "zaposleni" ("id","ime","priimek","vloga","zaposlen_let","stavba_id") VALUES (219,'Linda','Hays','umetnik',6,3);
INSERT INTO "zaposleni" ("id","ime","priimek","vloga","zaposlen_let","stavba_id") VALUES (220,'Steven','Holt','umetnik',5,3);
INSERT INTO "zaposleni" ("id","ime","priimek","vloga","zaposlen_let","stavba_id") VALUES (221,'Rebecca','Peters','umetnik',4,3);
INSERT INTO "zaposleni" ("id","ime","priimek","vloga","zaposlen_let","stavba_id") VALUES (222,'Tracy','Clark','umetnik',3,3);
INSERT INTO "zaposleni" ("id","ime","priimek","vloga","zaposlen_let","stavba_id") VALUES (223,'Shawn','Suarez','umetnik',2,3);
INSERT INTO "zaposleni" ("id","ime","priimek","vloga","zaposlen_let","stavba_id") VALUES (224,'Rebecca','Hart','umetnik',4,3);
INSERT INTO "zaposleni" ("id","ime","priimek","vloga","zaposlen_let","stavba_id") VALUES (225,'Angel','Cain','umetnik',5,3);
INSERT INTO "zaposleni" ("id","ime","priimek","vloga","zaposlen_let","stavba_id") VALUES (226,'Jeffrey','Henderson','umetnik',6,3);
INSERT INTO "zaposleni" ("id","ime","priimek","vloga","zaposlen_let","stavba_id") VALUES (227,'Richard','Mosley','umetnik',3,3);
INSERT INTO "zaposleni" ("id","ime","priimek","vloga","zaposlen_let","stavba_id") VALUES (228,'Lauren','Guerrero','umetnik',2,3);
INSERT INTO "zaposleni" ("id","ime","priimek","vloga","zaposlen_let","stavba_id") VALUES (229,'Chelsea','Long','umetnik',1,3);
INSERT INTO "zaposleni" ("id","ime","priimek","vloga","zaposlen_let","stavba_id") VALUES (230,'Jacob','Dalton','umetnik',4,3);
INSERT INTO "zaposleni" ("id","ime","priimek","vloga","zaposlen_let","stavba_id") VALUES (231,'Alexander','Morris','umetnik',4,3);
INSERT INTO "zaposleni" ("id","ime","priimek","vloga","zaposlen_let","stavba_id") VALUES (232,'Tina','Howard','umetnik',1,3);
INSERT INTO "zaposleni" ("id","ime","priimek","vloga","zaposlen_let","stavba_id") VALUES (233,'James','Archer','umetnik',1,3);
INSERT INTO "zaposleni" ("id","ime","priimek","vloga","zaposlen_let","stavba_id") VALUES (234,'Candace','Miller','umetnik',3,3);
INSERT INTO "zaposleni" ("id","ime","priimek","vloga","zaposlen_let","stavba_id") VALUES (235,'Elizabeth','Young','umetnik',3,3);
INSERT INTO "zaposleni" ("id","ime","priimek","vloga","zaposlen_let","stavba_id") VALUES (236,'Barry','Sims','umetnik',1,3);
INSERT INTO "zaposleni" ("id","ime","priimek","vloga","zaposlen_let","stavba_id") VALUES (237,'Melissa','Bolton','umetnik',4,3);
INSERT INTO "zaposleni" ("id","ime","priimek","vloga","zaposlen_let","stavba_id") VALUES (238,'Chase','Pruitt','umetnik',2,3);
INSERT INTO "zaposleni" ("id","ime","priimek","vloga","zaposlen_let","stavba_id") VALUES (239,'Nicholas','Lambert','umetnik',2,3);
INSERT INTO "zaposleni" ("id","ime","priimek","vloga","zaposlen_let","stavba_id") VALUES (240,'Renee','Jenkins','umetnik',3,3);
INSERT INTO "zaposleni" ("id","ime","priimek","vloga","zaposlen_let","stavba_id") VALUES (241,'Julie','Bauer','umetnik',1,3);
INSERT INTO "zaposleni" ("id","ime","priimek","vloga","zaposlen_let","stavba_id") VALUES (242,'Rachel','Smith','umetnik',5,3);
INSERT INTO "zaposleni" ("id","ime","priimek","vloga","zaposlen_let","stavba_id") VALUES (243,'Veronica','Davis','umetnik',4,3);
INSERT INTO "zaposleni" ("id","ime","priimek","vloga","zaposlen_let","stavba_id") VALUES (244,'Heidi','Pierce','umetnik',6,3);
INSERT INTO "zaposleni" ("id","ime","priimek","vloga","zaposlen_let","stavba_id") VALUES (245,'Dawn','Miller','umetnik',0,NULL);
INSERT INTO "zaposleni" ("id","ime","priimek","vloga","zaposlen_let","stavba_id") VALUES (246,'Sarah','Smith','umetnik',2,3);
INSERT INTO "zaposleni" ("id","ime","priimek","vloga","zaposlen_let","stavba_id") VALUES (247,'Alexandra','Howell','umetnik',6,3);
INSERT INTO "zaposleni" ("id","ime","priimek","vloga","zaposlen_let","stavba_id") VALUES (248,'Amanda','Lopez','umetnik',1,3);
INSERT INTO "zaposleni" ("id","ime","priimek","vloga","zaposlen_let","stavba_id") VALUES (249,'Clinton','York','umetnik',5,3);
INSERT INTO "zaposleni" ("id","ime","priimek","vloga","zaposlen_let","stavba_id") VALUES (250,'Brandon','Bass','umetnik',2,3);
INSERT INTO "zaposleni" ("id","ime","priimek","vloga","zaposlen_let","stavba_id") VALUES (251,'Brian','Padilla','umetnik',4,3);
INSERT INTO "zaposleni" ("id","ime","priimek","vloga","zaposlen_let","stavba_id") VALUES (252,'Roy','Burns','umetnik',5,3);
INSERT INTO "zaposleni" ("id","ime","priimek","vloga","zaposlen_let","stavba_id") VALUES (253,'Joseph','Stein','umetnik',2,3);
INSERT INTO "zaposleni" ("id","ime","priimek","vloga","zaposlen_let","stavba_id") VALUES (254,'Sara','Brown','umetnik',3,3);
INSERT INTO "zaposleni" ("id","ime","priimek","vloga","zaposlen_let","stavba_id") VALUES (255,'Bryan','Payne','umetnik',6,3);
INSERT INTO "zaposleni" ("id","ime","priimek","vloga","zaposlen_let","stavba_id") VALUES (256,'Jason','Keller','umetnik',1,3);
INSERT INTO "zaposleni" ("id","ime","priimek","vloga","zaposlen_let","stavba_id") VALUES (257,'Jonathan','Costa','umetnik',5,3);
INSERT INTO "zaposleni" ("id","ime","priimek","vloga","zaposlen_let","stavba_id") VALUES (258,'Albert','Garrett','umetnik',5,3);
INSERT INTO "zaposleni" ("id","ime","priimek","vloga","zaposlen_let","stavba_id") VALUES (259,'Rebecca','Lin','umetnik',3,3);
INSERT INTO "zaposleni" ("id","ime","priimek","vloga","zaposlen_let","stavba_id") VALUES (260,'Michelle','Johnson','umetnik',5,3);
INSERT INTO "zaposleni" ("id","ime","priimek","vloga","zaposlen_let","stavba_id") VALUES (261,'Chad','Chen','umetnik',2,3);
INSERT INTO "zaposleni" ("id","ime","priimek","vloga","zaposlen_let","stavba_id") VALUES (262,'David','Blankenship','umetnik',5,3);
INSERT INTO "zaposleni" ("id","ime","priimek","vloga","zaposlen_let","stavba_id") VALUES (263,'Brittney','Scott','umetnik',3,3);
INSERT INTO "zaposleni" ("id","ime","priimek","vloga","zaposlen_let","stavba_id") VALUES (264,'Janice','Adams','umetnik',5,3);
INSERT INTO "zaposleni" ("id","ime","priimek","vloga","zaposlen_let","stavba_id") VALUES (265,'Caleb','Roberts','umetnik',5,3);
INSERT INTO "zaposleni" ("id","ime","priimek","vloga","zaposlen_let","stavba_id") VALUES (266,'Jonathan','Morgan','umetnik',1,3);
INSERT INTO "zaposleni" ("id","ime","priimek","vloga","zaposlen_let","stavba_id") VALUES (267,'Eric','Sandoval','umetnik',4,3);
INSERT INTO "zaposleni" ("id","ime","priimek","vloga","zaposlen_let","stavba_id") VALUES (268,'Daniel','Pace','umetnik',4,3);
INSERT INTO "zaposleni" ("id","ime","priimek","vloga","zaposlen_let","stavba_id") VALUES (269,'Henry','Cunningham','umetnik',6,3);
INSERT INTO "zaposleni" ("id","ime","priimek","vloga","zaposlen_let","stavba_id") VALUES (270,'Todd','Shaw','umetnik',4,3);
INSERT INTO "zaposleni" ("id","ime","priimek","vloga","zaposlen_let","stavba_id") VALUES (271,'Sara','Cook','umetnik',2,3);
INSERT INTO "zaposleni" ("id","ime","priimek","vloga","zaposlen_let","stavba_id") VALUES (272,'Sarah','Adams','umetnik',4,3);
INSERT INTO "zaposleni" ("id","ime","priimek","vloga","zaposlen_let","stavba_id") VALUES (273,'Nicole','Cruz','umetnik',4,3);
INSERT INTO "zaposleni" ("id","ime","priimek","vloga","zaposlen_let","stavba_id") VALUES (274,'David','Morales','umetnik',1,3);
INSERT INTO "zaposleni" ("id","ime","priimek","vloga","zaposlen_let","stavba_id") VALUES (275,'Laura','Taylor','umetnik',5,3);
INSERT INTO "zaposleni" ("id","ime","priimek","vloga","zaposlen_let","stavba_id") VALUES (276,'Zachary','Levine','umetnik',6,3);
INSERT INTO "zaposleni" ("id","ime","priimek","vloga","zaposlen_let","stavba_id") VALUES (277,'Jennifer','Robinson','umetnik',5,3);
INSERT INTO "zaposleni" ("id","ime","priimek","vloga","zaposlen_let","stavba_id") VALUES (278,'Linda','Franklin','umetnik',4,3);
INSERT INTO "zaposleni" ("id","ime","priimek","vloga","zaposlen_let","stavba_id") VALUES (279,'Jessica','Tyler','umetnik',2,3);
INSERT INTO "zaposleni" ("id","ime","priimek","vloga","zaposlen_let","stavba_id") VALUES (280,'Lynn','Thompson','umetnik',1,3);
INSERT INTO "zaposleni" ("id","ime","priimek","vloga","zaposlen_let","stavba_id") VALUES (281,'David','Duarte','umetnik',5,3);
INSERT INTO "zaposleni" ("id","ime","priimek","vloga","zaposlen_let","stavba_id") VALUES (282,'Sarah','Brown','umetnik',5,3);
INSERT INTO "zaposleni" ("id","ime","priimek","vloga","zaposlen_let","stavba_id") VALUES (283,'Jeffrey','Sanders','umetnik',4,3);
INSERT INTO "zaposleni" ("id","ime","priimek","vloga","zaposlen_let","stavba_id") VALUES (284,'Jonathan','Carpenter','umetnik',6,3);
INSERT INTO "zaposleni" ("id","ime","priimek","vloga","zaposlen_let","stavba_id") VALUES (285,'Karen','Armstrong','umetnik',2,3);
INSERT INTO "zaposleni" ("id","ime","priimek","vloga","zaposlen_let","stavba_id") VALUES (286,'Paul','Powers','umetnik',3,3);
INSERT INTO "zaposleni" ("id","ime","priimek","vloga","zaposlen_let","stavba_id") VALUES (287,'Gary','Watson','umetnik',6,3);
INSERT INTO "zaposleni" ("id","ime","priimek","vloga","zaposlen_let","stavba_id") VALUES (288,'Brian','Henry','umetnik',5,3);
INSERT INTO "zaposleni" ("id","ime","priimek","vloga","zaposlen_let","stavba_id") VALUES (289,'Nicholas','Delgado','umetnik',2,3);
INSERT INTO "zaposleni" ("id","ime","priimek","vloga","zaposlen_let","stavba_id") VALUES (290,'Barry','Reed','umetnik',1,3);
INSERT INTO "zaposleni" ("id","ime","priimek","vloga","zaposlen_let","stavba_id") VALUES (291,'Paul','Campbell','umetnik',1,3);
INSERT INTO "zaposleni" ("id","ime","priimek","vloga","zaposlen_let","stavba_id") VALUES (292,'Erica','Olson','umetnik',5,3);
INSERT INTO "zaposleni" ("id","ime","priimek","vloga","zaposlen_let","stavba_id") VALUES (293,'Bonnie','Coleman','umetnik',1,3);
INSERT INTO "zaposleni" ("id","ime","priimek","vloga","zaposlen_let","stavba_id") VALUES (294,'Melanie','Cox','umetnik',6,3);
INSERT INTO "zaposleni" ("id","ime","priimek","vloga","zaposlen_let","stavba_id") VALUES (295,'Samantha','Clark','umetnik',1,3);
INSERT INTO "zaposleni" ("id","ime","priimek","vloga","zaposlen_let","stavba_id") VALUES (296,'Justin','Carlson','umetnik',5,3);
INSERT INTO "zaposleni" ("id","ime","priimek","vloga","zaposlen_let","stavba_id") VALUES (297,'Bryce','Smith','umetnik',5,3);
INSERT INTO "zaposleni" ("id","ime","priimek","vloga","zaposlen_let","stavba_id") VALUES (298,'Michaela','Wallace','umetnik',5,3);
INSERT INTO "zaposleni" ("id","ime","priimek","vloga","zaposlen_let","stavba_id") VALUES (299,'Megan','Schwartz','umetnik',5,3);
INSERT INTO "zaposleni" ("id","ime","priimek","vloga","zaposlen_let","stavba_id") VALUES (300,'Lillian','Bounds','umetnik',8,3);
INSERT INTO "zaposleni" ("id","ime","priimek","vloga","zaposlen_let","stavba_id") VALUES (301,'Christopher','Martin','inženir',6,13);
INSERT INTO "zaposleni" ("id","ime","priimek","vloga","zaposlen_let","stavba_id") VALUES (302,'David','Jackson','inženir',3,13);
INSERT INTO "zaposleni" ("id","ime","priimek","vloga","zaposlen_let","stavba_id") VALUES (303,'Michael','Wilson','inženir',3,13);
INSERT INTO "zaposleni" ("id","ime","priimek","vloga","zaposlen_let","stavba_id") VALUES (304,'Connie','Paul','inženir',6,13);
INSERT INTO "zaposleni" ("id","ime","priimek","vloga","zaposlen_let","stavba_id") VALUES (305,'Larry','Walker','inženir',6,13);
INSERT INTO "zaposleni" ("id","ime","priimek","vloga","zaposlen_let","stavba_id") VALUES (306,'Melinda','Smith','inženir',3,13);
INSERT INTO "zaposleni" ("id","ime","priimek","vloga","zaposlen_let","stavba_id") VALUES (307,'Sharon','Schmidt','inženir',5,13);
INSERT INTO "zaposleni" ("id","ime","priimek","vloga","zaposlen_let","stavba_id") VALUES (308,'Brittany','Smith','inženir',8,13);
INSERT INTO "zaposleni" ("id","ime","priimek","vloga","zaposlen_let","stavba_id") VALUES (309,'Riley','Smith','inženir',6,13);
INSERT INTO "zaposleni" ("id","ime","priimek","vloga","zaposlen_let","stavba_id") VALUES (310,'Logan','Martin','inženir',4,13);
INSERT INTO "zaposleni" ("id","ime","priimek","vloga","zaposlen_let","stavba_id") VALUES (311,'Alfred','Nguyen','inženir',6,13);
INSERT INTO "zaposleni" ("id","ime","priimek","vloga","zaposlen_let","stavba_id") VALUES (312,'Carrie','Sparks','inženir',4,13);
INSERT INTO "zaposleni" ("id","ime","priimek","vloga","zaposlen_let","stavba_id") VALUES (313,'John','Sims','inženir',8,13);
INSERT INTO "zaposleni" ("id","ime","priimek","vloga","zaposlen_let","stavba_id") VALUES (314,'Seth','Love','inženir',4,13);
INSERT INTO "zaposleni" ("id","ime","priimek","vloga","zaposlen_let","stavba_id") VALUES (315,'Lori','White','inženir',4,13);
INSERT INTO "zaposleni" ("id","ime","priimek","vloga","zaposlen_let","stavba_id") VALUES (316,'Shawn','Cummings','inženir',3,13);
INSERT INTO "zaposleni" ("id","ime","priimek","vloga","zaposlen_let","stavba_id") VALUES (317,'Bobby','Leonard','inženir',0,NULL);
INSERT INTO "zaposleni" ("id","ime","priimek","vloga","zaposlen_let","stavba_id") VALUES (318,'Richard','Saunders','inženir',7,13);
INSERT INTO "zaposleni" ("id","ime","priimek","vloga","zaposlen_let","stavba_id") VALUES (319,'Kimberly','Cook','inženir',5,13);
INSERT INTO "zaposleni" ("id","ime","priimek","vloga","zaposlen_let","stavba_id") VALUES (320,'Glen','Myers','inženir',7,13);
INSERT INTO "zaposleni" ("id","ime","priimek","vloga","zaposlen_let","stavba_id") VALUES (321,'Michael','Noble','inženir',3,13);
INSERT INTO "zaposleni" ("id","ime","priimek","vloga","zaposlen_let","stavba_id") VALUES (322,'John','Douglas','inženir',7,13);
INSERT INTO "zaposleni" ("id","ime","priimek","vloga","zaposlen_let","stavba_id") VALUES (323,'Christopher','Ray','inženir',7,14);
INSERT INTO "zaposleni" ("id","ime","priimek","vloga","zaposlen_let","stavba_id") VALUES (324,'Danny','Gordon','inženir',8,14);
INSERT INTO "zaposleni" ("id","ime","priimek","vloga","zaposlen_let","stavba_id") VALUES (325,'Ann','Wilson','inženir',4,14);
INSERT INTO "zaposleni" ("id","ime","priimek","vloga","zaposlen_let","stavba_id") VALUES (326,'Darren','Bates','inženir',8,14);
INSERT INTO "zaposleni" ("id","ime","priimek","vloga","zaposlen_let","stavba_id") VALUES (327,'Jamie','Bailey','inženir',8,14);
INSERT INTO "zaposleni" ("id","ime","priimek","vloga","zaposlen_let","stavba_id") VALUES (328,'Anthony','Smith','inženir',8,14);
INSERT INTO "zaposleni" ("id","ime","priimek","vloga","zaposlen_let","stavba_id") VALUES (329,'David','Harding','inženir',7,14);
INSERT INTO "zaposleni" ("id","ime","priimek","vloga","zaposlen_let","stavba_id") VALUES (330,'Patricia','Martinez','inženir',5,14);
INSERT INTO "zaposleni" ("id","ime","priimek","vloga","zaposlen_let","stavba_id") VALUES (331,'Kelly','Brown','inženir',5,14);
INSERT INTO "zaposleni" ("id","ime","priimek","vloga","zaposlen_let","stavba_id") VALUES (332,'Ryan','Williams','inženir',7,14);
INSERT INTO "zaposleni" ("id","ime","priimek","vloga","zaposlen_let","stavba_id") VALUES (333,'Briana','Barnes','inženir',5,14);
INSERT INTO "zaposleni" ("id","ime","priimek","vloga","zaposlen_let","stavba_id") VALUES (334,'Jacqueline','Levine','inženir',8,14);
INSERT INTO "zaposleni" ("id","ime","priimek","vloga","zaposlen_let","stavba_id") VALUES (335,'Scott','Hernandez','inženir',6,14);
INSERT INTO "zaposleni" ("id","ime","priimek","vloga","zaposlen_let","stavba_id") VALUES (336,'Nicole','Jones','inženir',7,14);
INSERT INTO "zaposleni" ("id","ime","priimek","vloga","zaposlen_let","stavba_id") VALUES (337,'Cassandra','Combs','inženir',3,14);
INSERT INTO "zaposleni" ("id","ime","priimek","vloga","zaposlen_let","stavba_id") VALUES (338,'Sara','Riggs','inženir',5,14);
INSERT INTO "zaposleni" ("id","ime","priimek","vloga","zaposlen_let","stavba_id") VALUES (339,'Michelle','Ford','inženir',8,14);
INSERT INTO "zaposleni" ("id","ime","priimek","vloga","zaposlen_let","stavba_id") VALUES (340,'Bryan','Hawkins','inženir',7,14);
INSERT INTO "zaposleni" ("id","ime","priimek","vloga","zaposlen_let","stavba_id") VALUES (341,'Shelia','Chen','inženir',8,14);
INSERT INTO "zaposleni" ("id","ime","priimek","vloga","zaposlen_let","stavba_id") VALUES (342,'Leslie','Marshall','inženir',6,14);
INSERT INTO "zaposleni" ("id","ime","priimek","vloga","zaposlen_let","stavba_id") VALUES (343,'Jessica','Abbott','inženir',4,14);
INSERT INTO "zaposleni" ("id","ime","priimek","vloga","zaposlen_let","stavba_id") VALUES (344,'Brad','Mcclain','inženir',6,14);
INSERT INTO "zaposleni" ("id","ime","priimek","vloga","zaposlen_let","stavba_id") VALUES (345,'Scott','Smith','inženir',4,14);
INSERT INTO "zaposleni" ("id","ime","priimek","vloga","zaposlen_let","stavba_id") VALUES (346,'Derek','Huffman','inženir',7,14);
INSERT INTO "zaposleni" ("id","ime","priimek","vloga","zaposlen_let","stavba_id") VALUES (347,'Gary','Williams Jr.','inženir',6,14);
INSERT INTO "zaposleni" ("id","ime","priimek","vloga","zaposlen_let","stavba_id") VALUES (348,'Kyle','Fisher','inženir',5,14);
INSERT INTO "zaposleni" ("id","ime","priimek","vloga","zaposlen_let","stavba_id") VALUES (349,'Jamie','Thomas','inženir',7,14);
INSERT INTO "zaposleni" ("id","ime","priimek","vloga","zaposlen_let","stavba_id") VALUES (350,'Laura','O''Connor','inženir',8,14);
INSERT INTO "zaposleni" ("id","ime","priimek","vloga","zaposlen_let","stavba_id") VALUES (351,'Bill','Tytla','vodja',6,1);
INSERT INTO "zaposleni" ("id","ime","priimek","vloga","zaposlen_let","stavba_id") VALUES (352,'Fred','Moore','vodja',9,1);
INSERT INTO "zaposleni" ("id","ime","priimek","vloga","zaposlen_let","stavba_id") VALUES (353,'Norm','Ferguson','vodja',7,1);
INSERT INTO "zaposleni" ("id","ime","priimek","vloga","zaposlen_let","stavba_id") VALUES (354,'Preston','Blair','vodja',8,1);
INSERT INTO "zaposleni" ("id","ime","priimek","vloga","zaposlen_let","stavba_id") VALUES (355,'Eyvind','Earle','vodja',8,1);
INSERT INTO "zaposleni" ("id","ime","priimek","vloga","zaposlen_let","stavba_id") VALUES (356,'Tyrus','Wong','vodja',6,1);
INSERT INTO "zaposleni" ("id","ime","priimek","vloga","zaposlen_let","stavba_id") VALUES (357,'Mary','Blair','vodja',7,1);
INSERT INTO "zaposleni" ("id","ime","priimek","vloga","zaposlen_let","stavba_id") VALUES (358,'Andreas','Deja','vodja',8,1);
INSERT INTO "zaposleni" ("id","ime","priimek","vloga","zaposlen_let","stavba_id") VALUES (359,'Floyd','Norman','vodja',6,1);
INSERT INTO "zaposleni" ("id","ime","priimek","vloga","zaposlen_let","stavba_id") VALUES (360,'John','Lasseter','vodja',9,1);
INSERT INTO "zaposleni" ("id","ime","priimek","vloga","zaposlen_let","stavba_id") VALUES (361,'Glen','Keane','vodja',7,1);
INSERT INTO "zaposleni" ("id","ime","priimek","vloga","zaposlen_let","stavba_id") VALUES (362,'John','Musker','vodja',9,1);
INSERT INTO "zaposleni" ("id","ime","priimek","vloga","zaposlen_let","stavba_id") VALUES (363,'Ron','Clements','vodja',9,1);
INSERT INTO "zaposleni" ("id","ime","priimek","vloga","zaposlen_let","stavba_id") VALUES (364,'Walt','Disney','direktor',9,1);
INSERT INTO "zaposleni" ("id","ime","priimek","vloga","zaposlen_let","stavba_id") VALUES (365,'Ron','Disney','računovodja',9,4);
INSERT INTO "zaposleni" ("id","ime","priimek","vloga","zaposlen_let","stavba_id") VALUES (366,'Robert','Iger','izvršni direktor',8,1);
INSERT INTO "zaposleni" ("id","ime","priimek","vloga","zaposlen_let","stavba_id") VALUES (367,'Bob','Chapek','izvršni direktor',8,1);
INSERT INTO "zaposleni" ("id","ime","priimek","vloga","zaposlen_let","stavba_id") VALUES (368,'Alan','Horn','izvršni direktor',8,1);
INSERT INTO "zaposleni" ("id","ime","priimek","vloga","zaposlen_let","stavba_id") VALUES (369,'Kareem','Daniel','izvršni direktor',8,1);
INSERT INTO "zaposleni" ("id","ime","priimek","vloga","zaposlen_let","stavba_id") VALUES (370,'Edwin','Catmull','ustanovitelj',9,23);
INSERT INTO "zaposleni" ("id","ime","priimek","vloga","zaposlen_let","stavba_id") VALUES (371,'Alvy Ray','Smith','ustanovitelj',9,23);
INSERT INTO "zaposleni" ("id","ime","priimek","vloga","zaposlen_let","stavba_id") VALUES (372,'Steve','Jobs','ustanovitelj',9,23);
INSERT INTO "zaposleni" ("id","ime","priimek","vloga","zaposlen_let","stavba_id") VALUES (373,'Jim','Morris','direktor',7,26);
INSERT INTO "zaposleni" ("id","ime","priimek","vloga","zaposlen_let","stavba_id") VALUES (374,'Pete','Docter','kreativni vodja',6,26);
INSERT INTO "zaposleni" ("id","ime","priimek","vloga","zaposlen_let","stavba_id") VALUES (375,'Chris','Wedge','ustanovitelj',8,20);
INSERT INTO "zaposleni" ("id","ime","priimek","vloga","zaposlen_let","stavba_id") VALUES (376,'Carl','Ludwig','ustanovitelj',8,20);
INSERT INTO "zaposleni" ("id","ime","priimek","vloga","zaposlen_let","stavba_id") VALUES (377,'Eugene','Troubetzkoy','ustanovitelj',8,20);
INSERT INTO "zaposleni" ("id","ime","priimek","vloga","zaposlen_let","stavba_id") VALUES (378,'Alison','Brown','ustanovitelj',8,20);
INSERT INTO "zaposleni" ("id","ime","priimek","vloga","zaposlen_let","stavba_id") VALUES (379,'David','Brown','ustanovitelj',8,20);
INSERT INTO "zaposleni" ("id","ime","priimek","vloga","zaposlen_let","stavba_id") VALUES (380,'Michael','Ferraro','ustanovitelj',8,20);
INSERT INTO "zaposleni" ("id","ime","priimek","vloga","zaposlen_let","stavba_id") VALUES (381,'Robert','Baird','predsednik',7,20);
INSERT INTO "zaposleni" ("id","ime","priimek","vloga","zaposlen_let","stavba_id") VALUES (382,'Andrew','Millstein','predsednik',6,20);
INSERT INTO "zaposleni" ("id","ime","priimek","vloga","zaposlen_let","stavba_id") VALUES (383,'Brian','Keane','kreativni vodja',6,20);
INSERT INTO "zaposleni" ("id","ime","priimek","vloga","zaposlen_let","stavba_id") VALUES (384,'Steven','Spielberg','ustanovitelj',8,21);
INSERT INTO "zaposleni" ("id","ime","priimek","vloga","zaposlen_let","stavba_id") VALUES (385,'Jeffrey','Katzenberg','ustanovitelj',8,21);
INSERT INTO "zaposleni" ("id","ime","priimek","vloga","zaposlen_let","stavba_id") VALUES (386,'David','Geffen','ustanovitelj',8,21);
INSERT INTO "zaposleni" ("id","ime","priimek","vloga","zaposlen_let","stavba_id") VALUES (387,'Jeff','Small','izvršni direktor',7,21);
INSERT INTO "zaposleni" ("id","ime","priimek","vloga","zaposlen_let","stavba_id") VALUES (388,'Chris','Meledandri','direktor',8,22);
INSERT INTO "zaposleni" ("id","ime","priimek","vloga","zaposlen_let","stavba_id") VALUES (389,'Keith','Feldman','kreativni vodja',6,22);
INSERT INTO "stavba" ("id","naziv","kapaciteta","studio_id") VALUES (1,'Team Disney – The Michael D. Eisner Building',150,'Disney');
INSERT INTO "stavba" ("id","naziv","kapaciteta","studio_id") VALUES (2,'Frank G. Wells Building',200,'Disney');
INSERT INTO "stavba" ("id","naziv","kapaciteta","studio_id") VALUES (3,'Animation Building',500,'Disney');
INSERT INTO "stavba" ("id","naziv","kapaciteta","studio_id") VALUES (4,'The Roy O. Disney Building',100,'Disney');
INSERT INTO "stavba" ("id","naziv","kapaciteta","studio_id") VALUES (5,'The Annette Funicello Stage, Stage 1',0,'Disney');
INSERT INTO "stavba" ("id","naziv","kapaciteta","studio_id") VALUES (6,'The Julie Andrews Stage, Stage 2',0,'Disney');
INSERT INTO "stavba" ("id","naziv","kapaciteta","studio_id") VALUES (7,'Stage 3',0,'Disney');
INSERT INTO "stavba" ("id","naziv","kapaciteta","studio_id") VALUES (8,'Stages 4 and 5',0,'Disney');
INSERT INTO "stavba" ("id","naziv","kapaciteta","studio_id") VALUES (9,'Stages 6 and 7',0,'Disney');
INSERT INTO "stavba" ("id","naziv","kapaciteta","studio_id") VALUES (10,'The Hyperion Bungalow',20,'Disney');
INSERT INTO "stavba" ("id","naziv","kapaciteta","studio_id") VALUES (11,'Main Theater',419,'Disney');
INSERT INTO "stavba" ("id","naziv","kapaciteta","studio_id") VALUES (12,'Ink and Paint Building',500,'Disney');
INSERT INTO "stavba" ("id","naziv","kapaciteta","studio_id") VALUES (13,'Camera Building',100,'Disney');
INSERT INTO "stavba" ("id","naziv","kapaciteta","studio_id") VALUES (14,'Cutting Building',100,'Disney');
INSERT INTO "stavba" ("id","naziv","kapaciteta","studio_id") VALUES (15,'Shorts Building',200,'Disney');
INSERT INTO "stavba" ("id","naziv","kapaciteta","studio_id") VALUES (16,'The Roy E. Disney Animation Building',350,'Disney');
INSERT INTO "stavba" ("id","naziv","kapaciteta","studio_id") VALUES (17,'ABC Studios Building',300,'Disney');
INSERT INTO "stavba" ("id","naziv","kapaciteta","studio_id") VALUES (18,'Digital Studio Center',370,'Disney');
INSERT INTO "stavba" ("id","naziv","kapaciteta","studio_id") VALUES (19,'Buena Vista Café',200,'Disney');
INSERT INTO "stavba" ("id","naziv","kapaciteta","studio_id") VALUES (20,'Greenwich American Center',450,'Blue Sky');
INSERT INTO "stavba" ("id","naziv","kapaciteta","studio_id") VALUES (21,'Headquarters',80,'DreamWorks');
INSERT INTO "stavba" ("id","naziv","kapaciteta","studio_id") VALUES (22,'Headquarters',100,'Illumination');
INSERT INTO "stavba" ("id","naziv","kapaciteta","studio_id") VALUES (23,'The Steve Jobs Building',700,'Pixar');
INSERT INTO "stavba" ("id","naziv","kapaciteta","studio_id") VALUES (24,'Café Luxo',200,'Pixar');
INSERT INTO "stavba" ("id","naziv","kapaciteta","studio_id") VALUES (25,'Pixar Theatre',500,'Pixar');
INSERT INTO "stavba" ("id","naziv","kapaciteta","studio_id") VALUES (26,'The Brooklyn Building',900,'Pixar');
INSERT INTO "studio" ("id","naziv","naslov","www") VALUES ('Blue Sky','20th Century Fox Animation, Blue Sky Studios','1 American Ln, Greenwich, CT 06831, ZDA','http://blueskystudios.com/');
INSERT INTO "studio" ("id","naziv","naslov","www") VALUES ('Disney','Walt Disney Studios, Walt Disney Animation Studios','500 S Buena Vista St, Burbank, CA 91505, ZDA','https://disneyanimation.com/');
INSERT INTO "studio" ("id","naziv","naslov","www") VALUES ('DreamWorks','Universal Pictures, DreamWorks Animation','1000 Flower St, Glendale, CA 91201, ZDA','https://www.dreamworksanimation.com/');
INSERT INTO "studio" ("id","naziv","naslov","www") VALUES ('Illumination','Universal Pictures, Illumination Entertainment','2043 Colorado Ave, Santa Monica, CA 90404, ZDA','http://www.illumination.com/');
INSERT INTO "studio" ("id","naziv","naslov","www") VALUES ('Pixar','Walt Disney Studios, Pixar Animation Studios','1200 Park Ave, Emeryville, CA 94608, ZDA','https://www.pixar.com/');
INSERT INTO "blagajna" ("film_id","proracun","prihodek_zda","prihodek_svet") VALUES (1,40000000,111543479,211343479);
INSERT INTO "blagajna" ("film_id","proracun","prihodek_zda","prihodek_svet") VALUES (2,25000000,218967620,424967620);
INSERT INTO "blagajna" ("film_id","proracun","prihodek_zda","prihodek_svet") VALUES (3,28000000,217350219,504050219);
INSERT INTO "blagajna" ("film_id","proracun","prihodek_zda","prihodek_svet") VALUES (4,45000000,312900000,987483777);
INSERT INTO "blagajna" ("film_id","proracun","prihodek_zda","prihodek_svet") VALUES (5,30000000,191796233,373554033);
INSERT INTO "blagajna" ("film_id","proracun","prihodek_zda","prihodek_svet") VALUES (6,55000000,141600000,346079773);
INSERT INTO "blagajna" ("film_id","proracun","prihodek_zda","prihodek_svet") VALUES (7,100000000,100138851,325338851);
INSERT INTO "blagajna" ("film_id","proracun","prihodek_zda","prihodek_svet") VALUES (8,85000000,99046791,252712101);
INSERT INTO "blagajna" ("film_id","proracun","prihodek_zda","prihodek_svet") VALUES (9,120000000,162798565,363398565);
INSERT INTO "blagajna" ("film_id","proracun","prihodek_zda","prihodek_svet") VALUES (10,105000000,90757863,171757863);
INSERT INTO "blagajna" ("film_id","proracun","prihodek_zda","prihodek_svet") VALUES (11,70000000,101217900,218613188);
INSERT INTO "blagajna" ("film_id","proracun","prihodek_zda","prihodek_svet") VALUES (12,90000000,120620254,304320254);
INSERT INTO "blagajna" ("film_id","proracun","prihodek_zda","prihodek_svet") VALUES (13,90000000,245852179,485015179);
INSERT INTO "blagajna" ("film_id","proracun","prihodek_zda","prihodek_svet") VALUES (14,130000000,171091819,448191819);
INSERT INTO "blagajna" ("film_id","proracun","prihodek_zda","prihodek_svet") VALUES (15,45000000,106834564,224834564);
INSERT INTO "blagajna" ("film_id","proracun","prihodek_zda","prihodek_svet") VALUES (16,127500000,137748063,354248063);
INSERT INTO "blagajna" ("film_id","proracun","prihodek_zda","prihodek_svet") VALUES (17,115000000,289916256,562816256);
INSERT INTO "blagajna" ("film_id","proracun","prihodek_zda","prihodek_svet") VALUES (18,60000000,267665011,484409218);
INSERT INTO "blagajna" ("film_id","proracun","prihodek_zda","prihodek_svet") VALUES (19,59000000,176387405,383257136);
INSERT INTO "blagajna" ("film_id","proracun","prihodek_zda","prihodek_svet") VALUES (20,80000000,73280117,122563539);
INSERT INTO "blagajna" ("film_id","proracun","prihodek_zda","prihodek_svet") VALUES (21,80000000,145794338,273144151);
INSERT INTO "blagajna" ("film_id","proracun","prihodek_zda","prihodek_svet") VALUES (22,94000000,380843261,936743261);
INSERT INTO "blagajna" ("film_id","proracun","prihodek_zda","prihodek_svet") VALUES (23,60000000,26483452,80767884);
INSERT INTO "blagajna" ("film_id","proracun","prihodek_zda","prihodek_svet") VALUES (24,92000000,261441092,631442092);
INSERT INTO "blagajna" ("film_id","proracun","prihodek_zda","prihodek_svet") VALUES (25,150000000,436471036,919838758);
INSERT INTO "blagajna" ("film_id","proracun","prihodek_zda","prihodek_svet") VALUES (26,75000000,128200012,260718330);
INSERT INTO "blagajna" ("film_id","proracun","prihodek_zda","prihodek_svet") VALUES (27,75000000,193595521,532680671);
INSERT INTO "blagajna" ("film_id","proracun","prihodek_zda","prihodek_svet") VALUES (28,150000000,135386665,314432837);
INSERT INTO "blagajna" ("film_id","proracun","prihodek_zda","prihodek_svet") VALUES (29,120000000,244082982,217898144);
INSERT INTO "blagajna" ("film_id","proracun","prihodek_zda","prihodek_svet") VALUES (30,80000000,195330621,660940780);
INSERT INTO "blagajna" ("film_id","proracun","prihodek_zda","prihodek_svet") VALUES (31,80000000,155019340,336002996);
INSERT INTO "blagajna" ("film_id","proracun","prihodek_zda","prihodek_svet") VALUES (32,149000000,64665672,178120010);
INSERT INTO "blagajna" ("film_id","proracun","prihodek_zda","prihodek_svet") VALUES (33,150000000,206445654,623722818);
INSERT INTO "blagajna" ("film_id","proracun","prihodek_zda","prihodek_svet") VALUES (34,160000000,320706665,798958162);
INSERT INTO "blagajna" ("film_id","proracun","prihodek_zda","prihodek_svet") VALUES (35,150000000,126631277,287594577);
INSERT INTO "blagajna" ("film_id","proracun","prihodek_zda","prihodek_svet") VALUES (36,150000000,97822171,169333034);
INSERT INTO "blagajna" ("film_id","proracun","prihodek_zda","prihodek_svet") VALUES (37,180000000,223808164,534767889);
INSERT INTO "blagajna" ("film_id","proracun","prihodek_zda","prihodek_svet") VALUES (38,85000000,154529439,297138014);
INSERT INTO "blagajna" ("film_id","proracun","prihodek_zda","prihodek_svet") VALUES (39,130000000,215434591,631744560);
INSERT INTO "blagajna" ("film_id","proracun","prihodek_zda","prihodek_svet") VALUES (40,150000000,180010950,603900354);
INSERT INTO "blagajna" ("film_id","proracun","prihodek_zda","prihodek_svet") VALUES (41,175000000,198351526,381509870);
INSERT INTO "blagajna" ("film_id","proracun","prihodek_zda","prihodek_svet") VALUES (42,150000000,114053579,309979994);
INSERT INTO "blagajna" ("film_id","proracun","prihodek_zda","prihodek_svet") VALUES (43,175000000,293004164,731342744);
INSERT INTO "blagajna" ("film_id","proracun","prihodek_zda","prihodek_svet") VALUES (44,90000000,196573705,886686817);
INSERT INTO "blagajna" ("film_id","proracun","prihodek_zda","prihodek_svet") VALUES (45,105000000,104400899,267045765);
INSERT INTO "blagajna" ("film_id","proracun","prihodek_zda","prihodek_svet") VALUES (46,200000000,415004880,1063171911);
INSERT INTO "blagajna" ("film_id","proracun","prihodek_zda","prihodek_svet") VALUES (47,69000000,251513985,543113985);
INSERT INTO "blagajna" ("film_id","proracun","prihodek_zda","prihodek_svet") VALUES (48,165000000,217581231,494878759);
INSERT INTO "blagajna" ("film_id","proracun","prihodek_zda","prihodek_svet") VALUES (49,165000000,238371987,752600867);
INSERT INTO "blagajna" ("film_id","proracun","prihodek_zda","prihodek_svet") VALUES (50,130000000,148415853,321885765);
INSERT INTO "blagajna" ("film_id","proracun","prihodek_zda","prihodek_svet") VALUES (51,260000000,200821936,591794936);
INSERT INTO "blagajna" ("film_id","proracun","prihodek_zda","prihodek_svet") VALUES (52,200000000,191452396,559852396);
INSERT INTO "blagajna" ("film_id","proracun","prihodek_zda","prihodek_svet") VALUES (53,90000000,143619809,487519809);
INSERT INTO "blagajna" ("film_id","proracun","prihodek_zda","prihodek_svet") VALUES (54,150000000,165249063,665692281);
INSERT INTO "blagajna" ("film_id","proracun","prihodek_zda","prihodek_svet") VALUES (55,130000000,149260504,554987477);
INSERT INTO "blagajna" ("film_id","proracun","prihodek_zda","prihodek_svet") VALUES (56,185000000,237283207,538983207);
INSERT INTO "blagajna" ("film_id","proracun","prihodek_zda","prihodek_svet") VALUES (57,70000000,214030500,348840316);
INSERT INTO "blagajna" ("film_id","proracun","prihodek_zda","prihodek_svet") VALUES (58,95000000,161321843,879765137);
INSERT INTO "blagajna" ("film_id","proracun","prihodek_zda","prihodek_svet") VALUES (59,145000000,216391482,746921274);
INSERT INTO "blagajna" ("film_id","proracun","prihodek_zda","prihodek_svet") VALUES (60,145000000,103412758,306941670);
INSERT INTO "blagajna" ("film_id","proracun","prihodek_zda","prihodek_svet") VALUES (61,165000000,189422889,471222889);
INSERT INTO "blagajna" ("film_id","proracun","prihodek_zda","prihodek_svet") VALUES (62,200000000,268492764,743559607);
INSERT INTO "blagajna" ("film_id","proracun","prihodek_zda","prihodek_svet") VALUES (63,76000000,368061265,970761885);
INSERT INTO "blagajna" ("film_id","proracun","prihodek_zda","prihodek_svet") VALUES (64,100000000,107518682,268426634);
INSERT INTO "blagajna" ("film_id","proracun","prihodek_zda","prihodek_svet") VALUES (65,135000000,187168425,587204668);
INSERT INTO "blagajna" ("film_id","proracun","prihodek_zda","prihodek_svet") VALUES (66,135000000,83028128,282570682);
INSERT INTO "blagajna" ("film_id","proracun","prihodek_zda","prihodek_svet") VALUES (67,150000000,400738009,1276480335);
INSERT INTO "blagajna" ("film_id","proracun","prihodek_zda","prihodek_svet") VALUES (68,103000000,131538435,500188435);
INSERT INTO "blagajna" ("film_id","proracun","prihodek_zda","prihodek_svet") VALUES (69,145000000,111506430,275698039);
INSERT INTO "blagajna" ("film_id","proracun","prihodek_zda","prihodek_svet") VALUES (70,145000000,177002924,621537519);
INSERT INTO "blagajna" ("film_id","proracun","prihodek_zda","prihodek_svet") VALUES (71,132000000,83348920,373543611);
INSERT INTO "blagajna" ("film_id","proracun","prihodek_zda","prihodek_svet") VALUES (72,165000000,222527828,657827828);
INSERT INTO "blagajna" ("film_id","proracun","prihodek_zda","prihodek_svet") VALUES (73,175000000,356461711,857611174);
INSERT INTO "blagajna" ("film_id","proracun","prihodek_zda","prihodek_svet") VALUES (74,200000000,123087120,331926147);
INSERT INTO "blagajna" ("film_id","proracun","prihodek_zda","prihodek_svet") VALUES (75,74000000,336045770,1163534901);
INSERT INTO "blagajna" ("film_id","proracun","prihodek_zda","prihodek_svet") VALUES (76,99000000,130178411,246233113);
INSERT INTO "blagajna" ("film_id","proracun","prihodek_zda","prihodek_svet") VALUES (77,135000000,177397510,387663547);
INSERT INTO "blagajna" ("film_id","proracun","prihodek_zda","prihodek_svet") VALUES (78,200000000,486295561,1028570889);
INSERT INTO "blagajna" ("film_id","proracun","prihodek_zda","prihodek_svet") VALUES (79,75000000,368384330,875457937);
INSERT INTO "blagajna" ("film_id","proracun","prihodek_zda","prihodek_svet") VALUES (80,75000000,270395425,634151679);
INSERT INTO "blagajna" ("film_id","proracun","prihodek_zda","prihodek_svet") VALUES (81,105000000,64063008,408579038);
INSERT INTO "blagajna" ("film_id","proracun","prihodek_zda","prihodek_svet") VALUES (82,145000000,143528619,521170825);
INSERT INTO "blagajna" ("film_id","proracun","prihodek_zda","prihodek_svet") VALUES (83,125000000,153707064,346864462);
INSERT INTO "blagajna" ("film_id","proracun","prihodek_zda","prihodek_svet") VALUES (84,150000000,341268248,1023784195);
INSERT INTO "blagajna" ("film_id","proracun","prihodek_zda","prihodek_svet") VALUES (85,150000000,248757044,643331111);
INSERT INTO "blagajna" ("film_id","proracun","prihodek_zda","prihodek_svet") VALUES (86,175000000,152901115,383889151);
INSERT INTO "blagajna" ("film_id","proracun","prihodek_zda","prihodek_svet") VALUES (87,175000000,209726015,807082196);
INSERT INTO "blagajna" ("film_id","proracun","prihodek_zda","prihodek_svet") VALUES (88,80000000,264624300,1034799409);
INSERT INTO "blagajna" ("film_id","proracun","prihodek_zda","prihodek_svet") VALUES (89,111000000,84410380,295038508);
INSERT INTO "blagajna" ("film_id","proracun","prihodek_zda","prihodek_svet") VALUES (90,125000000,175003033,527965936);
INSERT INTO "blagajna" ("film_id","proracun","prihodek_zda","prihodek_svet") VALUES (91,38000000,73921000,125427681);
INSERT INTO "blagajna" ("film_id","proracun","prihodek_zda","prihodek_svet") VALUES (92,200000000,608581744,1242770554);
INSERT INTO "blagajna" ("film_id","proracun","prihodek_zda","prihodek_svet") VALUES (93,75000000,270620950,511565348);
INSERT INTO "blagajna" ("film_id","proracun","prihodek_zda","prihodek_svet") VALUES (94,175000000,201091711,528507853);
INSERT INTO "blagajna" ("film_id","proracun","prihodek_zda","prihodek_svet") VALUES (95,129000000,160799505,519896648);
INSERT INTO "blagajna" ("film_id","proracun","prihodek_zda","prihodek_svet") VALUES (96,80000000,158874395,271176898);
INSERT INTO "blagajna" ("film_id","proracun","prihodek_zda","prihodek_svet") VALUES (97,200000000,434038008,639356585);
INSERT INTO "blagajna" ("film_id","proracun","prihodek_zda","prihodek_svet") VALUES (98,75000000,60826390,118539507);
INSERT INTO "blagajna" ("film_id","proracun","prihodek_zda","prihodek_svet") VALUES (99,150000000,477373578,972653355);
INSERT INTO "blagajna" ("film_id","proracun","prihodek_zda","prihodek_svet") VALUES (100,100000000,66757013,104859751);
INSERT INTO "blagajna" ("film_id","proracun","prihodek_zda","prihodek_svet") VALUES (101,200000000,61555145,80384897);
INSERT INTO "blagajna" ("film_id","proracun","prihodek_zda","prihodek_svet") VALUES (102,110000000,450000,47198334);
INSERT INTO "blagajna" ("film_id","proracun","prihodek_zda","prihodek_svet") VALUES (103,65000000,58568815,157337000);
INSERT INTO "blagajna" ("film_id","proracun","prihodek_zda","prihodek_svet") VALUES (104,150000000,NULL,120957731);
INSERT INTO "blagajna" ("film_id","proracun","prihodek_zda","prihodek_svet") VALUES (105,100000000,54723032,75700000);
INSERT INTO "blagajna" ("film_id","proracun","prihodek_zda","prihodek_svet") VALUES (106,30000000,17716215,25001000);
INSERT INTO "blagajna" ("film_id","proracun","prihodek_zda","prihodek_svet") VALUES (107,200000000,NULL,49750471);
INSERT INTO "blagajna" ("film_id","proracun","prihodek_zda","prihodek_svet") VALUES (108,82000000,57300280,89445000);
INSERT INTO "blagajna" ("film_id","proracun","prihodek_zda","prihodek_svet") VALUES (109,150000000,96093622,159988147);
INSERT INTO "blagajna" ("film_id","proracun","prihodek_zda","prihodek_svet") VALUES (110,85000000,162790990,248386955);
INSERT INTO "film" ("id","naslov","reziser","studio_id","leto","dolzina","ocena") VALUES (1,'The Little Mermaid','Ron Clements','Disney',1989,83,7.6);
INSERT INTO "film" ("id","naslov","reziser","studio_id","leto","dolzina","ocena") VALUES (2,'Beauty and the Beast','Gary Trousdale','Disney',1991,84,8.0);
INSERT INTO "film" ("id","naslov","reziser","studio_id","leto","dolzina","ocena") VALUES (3,'Aladdin','Ron Clements','Disney',1992,90,8.0);
INSERT INTO "film" ("id","naslov","reziser","studio_id","leto","dolzina","ocena") VALUES (4,'The Lion King','Roger Allers','Disney',1994,88,8.5);
INSERT INTO "film" ("id","naslov","reziser","studio_id","leto","dolzina","ocena") VALUES (5,'Toy Story','John Lasseter','Pixar',1995,81,8.3);
INSERT INTO "film" ("id","naslov","reziser","studio_id","leto","dolzina","ocena") VALUES (6,'Pocahontas','Mike Gabriel','Disney',1995,81,6.7);
INSERT INTO "film" ("id","naslov","reziser","studio_id","leto","dolzina","ocena") VALUES (7,'The Hunchback of Notre Dame','Kirk Wise','Disney',1996,91,6.9);
INSERT INTO "film" ("id","naslov","reziser","studio_id","leto","dolzina","ocena") VALUES (8,'Hercules','John Musker','Disney',1997,93,7.3);
INSERT INTO "film" ("id","naslov","reziser","studio_id","leto","dolzina","ocena") VALUES (9,'A Bug''s Life','John Lasseter','Pixar',1998,95,7.2);
INSERT INTO "film" ("id","naslov","reziser","studio_id","leto","dolzina","ocena") VALUES (10,'Antz','Eric Darnell','DreamWorks',1998,83,6.6);
INSERT INTO "film" ("id","naslov","reziser","studio_id","leto","dolzina","ocena") VALUES (11,'The Prince of Egypt','Brenda Chapman','DreamWorks',1998,99,7.1);
INSERT INTO "film" ("id","naslov","reziser","studio_id","leto","dolzina","ocena") VALUES (12,'Mulan','Barry Cook','Disney',1998,88,7.6);
INSERT INTO "film" ("id","naslov","reziser","studio_id","leto","dolzina","ocena") VALUES (13,'Toy Story 2','John Lasseter','Pixar',1999,92,7.9);
INSERT INTO "film" ("id","naslov","reziser","studio_id","leto","dolzina","ocena") VALUES (14,'Tarzan','Chris Buck','Disney',1999,88,7.3);
INSERT INTO "film" ("id","naslov","reziser","studio_id","leto","dolzina","ocena") VALUES (15,'Chicken Run','Peter Lord','DreamWorks',2000,84,7.0);
INSERT INTO "film" ("id","naslov","reziser","studio_id","leto","dolzina","ocena") VALUES (16,'Dinosaur','Ralph Zondag','Disney',2000,82,6.5);
INSERT INTO "film" ("id","naslov","reziser","studio_id","leto","dolzina","ocena") VALUES (17,'Monsters, Inc.','Pete Docter','Pixar',2001,92,8.1);
INSERT INTO "film" ("id","naslov","reziser","studio_id","leto","dolzina","ocena") VALUES (18,'Shrek','Andrew Adamson','DreamWorks',2001,90,7.9);
INSERT INTO "film" ("id","naslov","reziser","studio_id","leto","dolzina","ocena") VALUES (19,'Ice Age','Chris Wedge','Blue Sky',2002,81,7.5);
INSERT INTO "film" ("id","naslov","reziser","studio_id","leto","dolzina","ocena") VALUES (20,'Spirit: Stallion of the Cimarron','Kelly Asbury','DreamWorks',2002,83,7.1);
INSERT INTO "film" ("id","naslov","reziser","studio_id","leto","dolzina","ocena") VALUES (21,'Lilo & Stitch','Dean DeBlois','Disney',2002,85,7.2);
INSERT INTO "film" ("id","naslov","reziser","studio_id","leto","dolzina","ocena") VALUES (22,'Finding Nemo','Andrew Stanton','Pixar',2003,100,8.1);
INSERT INTO "film" ("id","naslov","reziser","studio_id","leto","dolzina","ocena") VALUES (23,'Sinbad: Legend of the Seven Seas','Patrick Gilmore','DreamWorks',2003,86,6.7);
INSERT INTO "film" ("id","naslov","reziser","studio_id","leto","dolzina","ocena") VALUES (24,'The Incredibles','Brad Bird','Pixar',2004,115,8.0);
INSERT INTO "film" ("id","naslov","reziser","studio_id","leto","dolzina","ocena") VALUES (25,'Shrek 2','Andrew Adamson','DreamWorks',2004,93,7.2);
INSERT INTO "film" ("id","naslov","reziser","studio_id","leto","dolzina","ocena") VALUES (26,'Robots','David Lindsay-Abaire','Blue Sky',2005,91,6.3);
INSERT INTO "film" ("id","naslov","reziser","studio_id","leto","dolzina","ocena") VALUES (27,'Madagascar','Eric Darnell','DreamWorks',2005,86,6.9);
INSERT INTO "film" ("id","naslov","reziser","studio_id","leto","dolzina","ocena") VALUES (28,'Chicken Little','Mark Dindal','Disney',2005,81,5.8);
INSERT INTO "film" ("id","naslov","reziser","studio_id","leto","dolzina","ocena") VALUES (29,'Cars','John Lasseter','Pixar',2006,117,7.1);
INSERT INTO "film" ("id","naslov","reziser","studio_id","leto","dolzina","ocena") VALUES (30,'Ice Age: The Meltdown','Carlos Saldanha','Blue Sky',2006,91,6.8);
INSERT INTO "film" ("id","naslov","reziser","studio_id","leto","dolzina","ocena") VALUES (31,'Over the Hedge','Karey Kirkpatrick','DreamWorks',2006,83,6.7);
INSERT INTO "film" ("id","naslov","reziser","studio_id","leto","dolzina","ocena") VALUES (32,'Flushed Away','David Bowers','DreamWorks',2006,85,6.6);
INSERT INTO "film" ("id","naslov","reziser","studio_id","leto","dolzina","ocena") VALUES (33,'Ratatouille','Brad Bird','Pixar',2007,111,8.0);
INSERT INTO "film" ("id","naslov","reziser","studio_id","leto","dolzina","ocena") VALUES (34,'Shrek the Third','Chris Miller','DreamWorks',2007,93,6.1);
INSERT INTO "film" ("id","naslov","reziser","studio_id","leto","dolzina","ocena") VALUES (35,'Bee Movie','Simon J. Smith','DreamWorks',2007,91,6.1);
INSERT INTO "film" ("id","naslov","reziser","studio_id","leto","dolzina","ocena") VALUES (36,'Meet the Robinsons','Stephen J. Anderson','Disney',2007,95,6.9);
INSERT INTO "film" ("id","naslov","reziser","studio_id","leto","dolzina","ocena") VALUES (37,'Wall-E','Andrew Stanton','Pixar',2008,98,8.4);
INSERT INTO "film" ("id","naslov","reziser","studio_id","leto","dolzina","ocena") VALUES (38,'Dr. Seuss'' Horton Hears a Who!','Jimmy Hayward','Blue Sky',2008,86,6.8);
INSERT INTO "film" ("id","naslov","reziser","studio_id","leto","dolzina","ocena") VALUES (39,'Kung Fu Panda','Mark Osborne','DreamWorks',2008,92,7.6);
INSERT INTO "film" ("id","naslov","reziser","studio_id","leto","dolzina","ocena") VALUES (40,'Madagascar: Escape 2 Africa','Eric Darnell','DreamWorks',2008,89,6.7);
INSERT INTO "film" ("id","naslov","reziser","studio_id","leto","dolzina","ocena") VALUES (41,'Monsters vs. Aliens','Rob Letterman','DreamWorks',2008,94,6.5);
INSERT INTO "film" ("id","naslov","reziser","studio_id","leto","dolzina","ocena") VALUES (42,'Bolt','Chris Williams','Disney',2008,96,6.9);
INSERT INTO "film" ("id","naslov","reziser","studio_id","leto","dolzina","ocena") VALUES (43,'Up','Pete Docter','Pixar',2009,96,8.2);
INSERT INTO "film" ("id","naslov","reziser","studio_id","leto","dolzina","ocena") VALUES (44,'Ice Age: Dawn of the Dinosaurs','Carlos Saldanha','Blue Sky',2009,94,7.0);
INSERT INTO "film" ("id","naslov","reziser","studio_id","leto","dolzina","ocena") VALUES (45,'The Princess and the Frog','John Musker','Disney',2009,97,7.1);
INSERT INTO "film" ("id","naslov","reziser","studio_id","leto","dolzina","ocena") VALUES (46,'Toy Story 3','Lee Unkrich','Pixar',2010,103,8.3);
INSERT INTO "film" ("id","naslov","reziser","studio_id","leto","dolzina","ocena") VALUES (47,'Despicable Me','Pierre Coffin','Illumination',2010,95,7.7);
INSERT INTO "film" ("id","naslov","reziser","studio_id","leto","dolzina","ocena") VALUES (48,'How to Train Your Dragon','Dean DeBlois','DreamWorks',2010,98,8.1);
INSERT INTO "film" ("id","naslov","reziser","studio_id","leto","dolzina","ocena") VALUES (49,'Shrek Forever After','Mike Mitchell','DreamWorks',2010,93,6.3);
INSERT INTO "film" ("id","naslov","reziser","studio_id","leto","dolzina","ocena") VALUES (50,'Megamind','Tom McGrath','DreamWorks',2010,95,7.3);
INSERT INTO "film" ("id","naslov","reziser","studio_id","leto","dolzina","ocena") VALUES (51,'Tangled','Nathan Greno','Disney',2010,100,7.8);
INSERT INTO "film" ("id","naslov","reziser","studio_id","leto","dolzina","ocena") VALUES (52,'Cars 2','John Lasseter','Pixar',2011,106,6.2);
INSERT INTO "film" ("id","naslov","reziser","studio_id","leto","dolzina","ocena") VALUES (53,'Rio','Carlos Saldanha','Blue Sky',2011,96,6.9);
INSERT INTO "film" ("id","naslov","reziser","studio_id","leto","dolzina","ocena") VALUES (54,'Kung Fu Panda 2','Jennifer Yuh Nelson','DreamWorks',2011,90,7.2);
INSERT INTO "film" ("id","naslov","reziser","studio_id","leto","dolzina","ocena") VALUES (55,'Puss in Boots','Chris Miller','DreamWorks',2011,90,6.6);
INSERT INTO "film" ("id","naslov","reziser","studio_id","leto","dolzina","ocena") VALUES (56,'Brave','Brenda Chapman','Pixar',2012,93,7.1);
INSERT INTO "film" ("id","naslov","reziser","studio_id","leto","dolzina","ocena") VALUES (57,'Dr. Seuss'' The Lorax','Chris Renaud','Illumination',2012,86,6.4);
INSERT INTO "film" ("id","naslov","reziser","studio_id","leto","dolzina","ocena") VALUES (58,'Ice Age: Continental Drift','Steve Martino','Blue Sky',2012,88,6.6);
INSERT INTO "film" ("id","naslov","reziser","studio_id","leto","dolzina","ocena") VALUES (59,'Madagascar 3: Europe''s Most Wanted','Eric Darnell','DreamWorks',2012,93,6.8);
INSERT INTO "film" ("id","naslov","reziser","studio_id","leto","dolzina","ocena") VALUES (60,'Rise of the Guardians','Peter Ramsey','DreamWorks',2012,97,7.3);
INSERT INTO "film" ("id","naslov","reziser","studio_id","leto","dolzina","ocena") VALUES (61,'Wreck-It Ralph','Rich Moore','Disney',2012,101,7.7);
INSERT INTO "film" ("id","naslov","reziser","studio_id","leto","dolzina","ocena") VALUES (62,'Monsters University','Dan Scanlon','Pixar',2013,104,7.3);
INSERT INTO "film" ("id","naslov","reziser","studio_id","leto","dolzina","ocena") VALUES (63,'Despicable Me 2','Pierre Coffin','Illumination',2013,98,7.4);
INSERT INTO "film" ("id","naslov","reziser","studio_id","leto","dolzina","ocena") VALUES (64,'Epic','Chris Wedge','Blue Sky',2013,102,6.7);
INSERT INTO "film" ("id","naslov","reziser","studio_id","leto","dolzina","ocena") VALUES (65,'The Croods','Kirk DeMicco','DreamWorks',2013,98,7.2);
INSERT INTO "film" ("id","naslov","reziser","studio_id","leto","dolzina","ocena") VALUES (66,'Turbo','David Soren','DreamWorks',2013,96,6.4);
INSERT INTO "film" ("id","naslov","reziser","studio_id","leto","dolzina","ocena") VALUES (67,'Frozen','Chris Buck','Disney',2013,102,7.5);
INSERT INTO "film" ("id","naslov","reziser","studio_id","leto","dolzina","ocena") VALUES (68,'Rio 2','Carlos Saldanha','Blue Sky',2014,101,6.3);
INSERT INTO "film" ("id","naslov","reziser","studio_id","leto","dolzina","ocena") VALUES (69,'Mr. Peabody & Sherman','Rob Minkoff','DreamWorks',2014,92,6.8);
INSERT INTO "film" ("id","naslov","reziser","studio_id","leto","dolzina","ocena") VALUES (70,'How to Train Your Dragon 2','Dean DeBlois','DreamWorks',2014,102,7.8);
INSERT INTO "film" ("id","naslov","reziser","studio_id","leto","dolzina","ocena") VALUES (71,'Penguins of Madagascar','Eric Darnell','DreamWorks',2014,92,6.7);
INSERT INTO "film" ("id","naslov","reziser","studio_id","leto","dolzina","ocena") VALUES (72,'Big Hero 6','Don Hall','Disney',2014,102,7.8);
INSERT INTO "film" ("id","naslov","reziser","studio_id","leto","dolzina","ocena") VALUES (73,'Inside Out','Pete Docter','Pixar',2015,95,8.2);
INSERT INTO "film" ("id","naslov","reziser","studio_id","leto","dolzina","ocena") VALUES (74,'The Good Dinosaur','Peter Sohn','Pixar',2015,93,6.7);
INSERT INTO "film" ("id","naslov","reziser","studio_id","leto","dolzina","ocena") VALUES (75,'Minions','Pierre Coffin','Illumination',2015,91,6.4);
INSERT INTO "film" ("id","naslov","reziser","studio_id","leto","dolzina","ocena") VALUES (76,'The Peanuts Movie','Steve Martino','Blue Sky',2015,88,7.1);
INSERT INTO "film" ("id","naslov","reziser","studio_id","leto","dolzina","ocena") VALUES (77,'Home','Tim Johnson','DreamWorks',2015,94,6.6);
INSERT INTO "film" ("id","naslov","reziser","studio_id","leto","dolzina","ocena") VALUES (78,'Finding Dory','Andrew Stanton','Pixar',2016,97,7.3);
INSERT INTO "film" ("id","naslov","reziser","studio_id","leto","dolzina","ocena") VALUES (79,'The Secret Life of Pets','Chris Renaud','Illumination',2016,87,6.5);
INSERT INTO "film" ("id","naslov","reziser","studio_id","leto","dolzina","ocena") VALUES (80,'Sing','Garth Jennings','Illumination',2016,108,7.1);
INSERT INTO "film" ("id","naslov","reziser","studio_id","leto","dolzina","ocena") VALUES (81,'Ice Age: Collision Course','Mike Thurmeier','Blue Sky',2016,94,5.7);
INSERT INTO "film" ("id","naslov","reziser","studio_id","leto","dolzina","ocena") VALUES (82,'Kung Fu Panda 3','Alessandro Carloni','DreamWorks',2016,95,7.1);
INSERT INTO "film" ("id","naslov","reziser","studio_id","leto","dolzina","ocena") VALUES (83,'Trolls','Mike Mitchell','DreamWorks',2016,92,6.5);
INSERT INTO "film" ("id","naslov","reziser","studio_id","leto","dolzina","ocena") VALUES (84,'Zootopia','Byron Howard','Disney',2016,108,8.0);
INSERT INTO "film" ("id","naslov","reziser","studio_id","leto","dolzina","ocena") VALUES (85,'Moana','John Musker','Disney',2016,107,7.6);
INSERT INTO "film" ("id","naslov","reziser","studio_id","leto","dolzina","ocena") VALUES (86,'Cars 3','Brian Fee','Pixar',2017,102,6.8);
INSERT INTO "film" ("id","naslov","reziser","studio_id","leto","dolzina","ocena") VALUES (87,'Coco','Lee Unkrich','Pixar',2017,105,8.4);
INSERT INTO "film" ("id","naslov","reziser","studio_id","leto","dolzina","ocena") VALUES (88,'Despicable Me 3','Pierre Coffin','Illumination',2017,89,6.3);
INSERT INTO "film" ("id","naslov","reziser","studio_id","leto","dolzina","ocena") VALUES (89,'Ferdinand','Carlos Saldanha','Blue Sky',2017,108,6.7);
INSERT INTO "film" ("id","naslov","reziser","studio_id","leto","dolzina","ocena") VALUES (90,'The Boss Baby','Tom McGrath','DreamWorks',2017,97,6.3);
INSERT INTO "film" ("id","naslov","reziser","studio_id","leto","dolzina","ocena") VALUES (91,'Captain Underpants: The First Epic Movie','David Soren','DreamWorks',2017,89,6.2);
INSERT INTO "film" ("id","naslov","reziser","studio_id","leto","dolzina","ocena") VALUES (92,'Incredibles 2','Brad Bird','Pixar',2018,118,7.7);
INSERT INTO "film" ("id","naslov","reziser","studio_id","leto","dolzina","ocena") VALUES (93,'Dr. Seuss'' The Grinch','Scott Mosier','Illumination',2018,86,6.3);
INSERT INTO "film" ("id","naslov","reziser","studio_id","leto","dolzina","ocena") VALUES (94,'Ralph Breaks the Internet','Rich Moore','Disney',2018,112,7.1);
INSERT INTO "film" ("id","naslov","reziser","studio_id","leto","dolzina","ocena") VALUES (95,'How to Train Your Dragon: The Hidden World','Dean DeBlois','DreamWorks',2019,104,7.7);
INSERT INTO "film" ("id","naslov","reziser","studio_id","leto","dolzina","ocena") VALUES (96,'The Secret Life of Pets 2','Chris Renaud','Illumination',2019,86,6.5);
INSERT INTO "film" ("id","naslov","reziser","studio_id","leto","dolzina","ocena") VALUES (97,'Toy Story 4','Josh Cooley','Pixar',2019,100,7.8);
INSERT INTO "film" ("id","naslov","reziser","studio_id","leto","dolzina","ocena") VALUES (98,'Abominable','Jill Culton','DreamWorks',2019,97,7.0);
INSERT INTO "film" ("id","naslov","reziser","studio_id","leto","dolzina","ocena") VALUES (99,'Frozen II','Chris Buck','Disney',2019,103,6.9);
INSERT INTO "film" ("id","naslov","reziser","studio_id","leto","dolzina","ocena") VALUES (100,'Spies in Disguise','Nick Bruno','Blue Sky',2019,102,6.8);
INSERT INTO "film" ("id","naslov","reziser","studio_id","leto","dolzina","ocena") VALUES (101,'Onward','Dan Scanlon','Pixar',2020,102,7.4);
INSERT INTO "film" ("id","naslov","reziser","studio_id","leto","dolzina","ocena") VALUES (102,'Trolls 2: World Tour','Walt Dohrn','DreamWorks',2020,90,6.1);
INSERT INTO "film" ("id","naslov","reziser","studio_id","leto","dolzina","ocena") VALUES (103,'The Croods: A New Age','Joel Crawford','DreamWorks',2020,95,7.0);
INSERT INTO "film" ("id","naslov","reziser","studio_id","leto","dolzina","ocena") VALUES (104,'Soul','Pete Docter','Pixar',2020,100,8.1);
INSERT INTO "film" ("id","naslov","reziser","studio_id","leto","dolzina","ocena") VALUES (105,'Raya and the Last Dragon','Don Hall','Disney',2021,107,7.5);
INSERT INTO "film" ("id","naslov","reziser","studio_id","leto","dolzina","ocena") VALUES (106,'Spirit Untamed','Elaine Bogan','DreamWorks',2021,88,5.5);
INSERT INTO "film" ("id","naslov","reziser","studio_id","leto","dolzina","ocena") VALUES (107,'Luca','Enrico Casarosa','Pixar',2021,95,7.4);
INSERT INTO "film" ("id","naslov","reziser","studio_id","leto","dolzina","ocena") VALUES (108,'The Boss Baby 2: Family Busines','Tom McGrath','DreamWorks',2021,107,5.8);
INSERT INTO "film" ("id","naslov","reziser","studio_id","leto","dolzina","ocena") VALUES (109,'Encanto','Byron Howard','Disney',2021,102,7.2);
INSERT INTO "film" ("id","naslov","reziser","studio_id","leto","dolzina","ocena") VALUES (110,'Sing 2','Garth Jennings','Illumination',2021,110,7.4);
COMMIT;
